seed,DX,D_diff,time,error
10,0.3,0.0,0.0,0.34093314586577783
10,0.3,0.0,0.02,0.31071538441352187
10,0.3,0.0,0.04,0.2944305629372817
10,0.3,0.0,0.06,0.302963920330417
10,0.3,0.0,0.08,0.27904601109424154
10,0.3,0.0,0.1,0.26136770411081955
10,0.3,0.0,0.12,0.2529941889586479
10,0.3,0.0,0.14,0.2555720703310605
10,0.3,0.0,0.16,0.2534306646898565
10,0.3,0.0,0.18,0.24604796721398134
10,0.3,0.0,0.2,0.24340724057619642
10,0.3,0.0,0.22,0.24104766863136673
10,0.3,0.0,0.24,0.23782723597153055
10,0.3,0.0,0.26,0.23599713271348385
10,0.3,0.0,0.28,0.2409460748741074
10,0.3,0.0,0.3,0.23544281636920011
10,0.3,0.0,0.32,0.2311723342801816
10,0.3,0.0,0.34,0.236412703624043
10,0.3,0.0,0.36,0.24072243442450023
10,0.3,0.0,0.38,0.24028276456657507
10,0.3,0.0,0.4,0.2354627175675733
10,0.3,0.0,0.42,0.2331515825290912
10,0.3,0.0,0.44,0.23384101229187498
10,0.3,0.0,0.46,0.22848448885462405
10,0.3,0.0,0.48,0.23007632056176797
10,0.3,0.0,0.5,0.23065054455435557
10,0.3,0.0,0.52,0.22845889941892492
10,0.3,0.0,0.54,0.2324107256986555
10,0.3,0.0,0.56,0.2294914923373025
10,0.3,0.0,0.58,0.23198062909051154
10,0.3,0.0,0.6,0.2343879969466038
10,0.3,0.0,0.62,0.22944288574178984
10,0.3,0.0,0.64,0.23126828184209952
10,0.3,0.0,0.66,0.23613363796750947
10,0.3,0.0,0.68,0.23669098996382074
10,0.3,0.0,0.7000000000000001,0.23716604718249218
10,0.3,0.0,0.72,0.23964065990571037
10,0.3,0.0,0.74,0.240126539210972
10,0.3,5.0,0.0,0.36914766914094443
10,0.3,5.0,0.02,0.33801754194245437
10,0.3,5.0,0.04,0.3418520458392436
10,0.3,5.0,0.06,0.32647880490532294
10,0.3,5.0,0.08,0.30408158530099544
10,0.3,5.0,0.1,0.2890814872664687
10,0.3,5.0,0.12,0.27533964794120397
10,0.3,5.0,0.14,0.2533716138089346
10,0.3,5.0,0.16,0.24067943800966574
10,0.3,5.0,0.18,0.2315636493995411
10,0.3,5.0,0.2,0.22438541153393263
10,0.3,5.0,0.22,0.22187831288548215
10,0.3,5.0,0.24,0.21735414535245362
10,0.3,5.0,0.26,0.20663134277651404
10,0.3,5.0,0.28,0.20829250143037414
10,0.3,5.0,0.3,0.2084535243247855
10,0.3,5.0,0.32,0.21062404332210535
10,0.3,5.0,0.34,0.21516594663841893
10,0.3,5.0,0.36,0.21654586056472697
10,0.3,5.0,0.38,0.22311177583645864
10,0.3,5.0,0.4,0.22446726533472094
10,0.3,5.0,0.42,0.2441237539397609
10,0.3,5.0,0.44,0.2516955772378593
10,0.3,5.0,0.46,0.24909929370020054
10,0.3,5.0,0.48,0.24209625937022863
10,0.3,5.0,0.5,0.24119310698616395
10,0.3,5.0,0.52,0.24183946859630104
10,0.3,5.0,0.54,0.24343618076816206
10,0.3,5.0,0.56,0.2403172007803362
10,0.3,5.0,0.58,0.23848777720469932
10,0.3,5.0,0.6,0.23688447556672554
10,0.3,5.0,0.62,0.23335051901099804
10,0.3,5.0,0.64,0.23341521094992468
10,0.3,5.0,0.66,0.233742850518186
10,0.3,5.0,0.68,0.22697082987643438
10,0.3,5.0,0.7000000000000001,0.2234935407321689
10,0.3,5.0,0.72,0.22224518393844775
10,0.3,5.0,0.74,0.22722551888673287
10,0.3,10.0,0.0,0.3375169680200563
10,0.3,10.0,0.02,0.329253093788323
10,0.3,10.0,0.04,0.34978943403751356
10,0.3,10.0,0.06,0.35125733235275075
10,0.3,10.0,0.08,0.3271190328036779
10,0.3,10.0,0.1,0.317199534449495
10,0.3,10.0,0.12,0.29641227480087595
10,0.3,10.0,0.14,0.27988843999725416
10,0.3,10.0,0.16,0.26987345821983516
10,0.3,10.0,0.18,0.26852156671832783
10,0.3,10.0,0.2,0.2685114858101866
10,0.3,10.0,0.22,0.26401133949061517
10,0.3,10.0,0.24,0.2608669339553116
10,0.3,10.0,0.26,0.25259065123629987
10,0.3,10.0,0.28,0.2514179120542883
10,0.3,10.0,0.3,0.24604374713552735
10,0.3,10.0,0.32,0.24139940159773013
10,0.3,10.0,0.34,0.2479397846634169
10,0.3,10.0,0.36,0.2506583353893148
10,0.3,10.0,0.38,0.2515651336339552
10,0.3,10.0,0.4,0.24481425329464185
10,0.3,10.0,0.42,0.2413450479253801
10,0.3,10.0,0.44,0.23535858240539012
10,0.3,10.0,0.46,0.23706449612541375
10,0.3,10.0,0.48,0.234458846501547
10,0.3,10.0,0.5,0.23376414635202616
10,0.3,10.0,0.52,0.23315714715371802
10,0.3,10.0,0.54,0.23117437214427897
10,0.3,10.0,0.56,0.22983572253339982
10,0.3,10.0,0.58,0.23143844591583745
10,0.3,10.0,0.6,0.22954276075818453
10,0.3,10.0,0.62,0.22223893071401057
10,0.3,10.0,0.64,0.22180279058816363
10,0.3,10.0,0.66,0.22691077868882037
10,0.3,10.0,0.68,0.23470053760582077
10,0.3,10.0,0.7000000000000001,0.22967006363125386
10,0.3,10.0,0.72,0.2273200336844085
10,0.3,10.0,0.74,0.22813646388547573
10,0.3,15.0,0.0,0.34456242227680106
10,0.3,15.0,0.02,0.3277620297229146
10,0.3,15.0,0.04,0.3108719231894716
10,0.3,15.0,0.06,0.3117780747334449
10,0.3,15.0,0.08,0.29013972443761654
10,0.3,15.0,0.1,0.28075480059653546
10,0.3,15.0,0.12,0.27777761662201206
10,0.3,15.0,0.14,0.27103499151814486
10,0.3,15.0,0.16,0.26372378022300197
10,0.3,15.0,0.18,0.26452564178070753
10,0.3,15.0,0.2,0.24929915555256174
10,0.3,15.0,0.22,0.240751818956781
10,0.3,15.0,0.24,0.23971777003896827
10,0.3,15.0,0.26,0.241069168087952
10,0.3,15.0,0.28,0.232310571227916
10,0.3,15.0,0.3,0.2436347963507326
10,0.3,15.0,0.32,0.24853733656479315
10,0.3,15.0,0.34,0.2431773959876654
10,0.3,15.0,0.36,0.24313945471959705
10,0.3,15.0,0.38,0.24370989748874722
10,0.3,15.0,0.4,0.24503401299462035
10,0.3,15.0,0.42,0.2413496732938008
10,0.3,15.0,0.44,0.23453517175460173
10,0.3,15.0,0.46,0.2345472963787324
10,0.3,15.0,0.48,0.23846932066443474
10,0.3,15.0,0.5,0.25774804159048115
10,0.3,15.0,0.52,0.2574303199254684
10,0.3,15.0,0.54,0.2563252781883882
10,0.3,15.0,0.56,0.25358108120017897
10,0.3,15.0,0.58,0.25336528804733893
10,0.3,15.0,0.6,0.2552177650813489
10,0.3,15.0,0.62,0.2532687762288858
10,0.3,15.0,0.64,0.24738977948692342
10,0.3,15.0,0.66,0.24429118852708284
10,0.3,15.0,0.68,0.24383417786979444
10,0.3,15.0,0.7000000000000001,0.23649007855902057
10,0.3,15.0,0.72,0.23248196691484646
10,0.3,15.0,0.74,0.23034952855996918
10,0.3,20.0,0.0,0.34241626436791195
10,0.3,20.0,0.02,0.3329019659678638
10,0.3,20.0,0.04,0.3284770554779312
10,0.3,20.0,0.06,0.32031168511096064
10,0.3,20.0,0.08,0.3059168091531577
10,0.3,20.0,0.1,0.29746093756435404
10,0.3,20.0,0.12,0.30277494336855665
10,0.3,20.0,0.14,0.296611959657759
10,0.3,20.0,0.16,0.2848608954912303
10,0.3,20.0,0.18,0.27556812232486344
10,0.3,20.0,0.2,0.2679024211076434
10,0.3,20.0,0.22,0.2576223793341817
10,0.3,20.0,0.24,0.24749493821811813
10,0.3,20.0,0.26,0.24879291077209253
10,0.3,20.0,0.28,0.24527696807323432
10,0.3,20.0,0.3,0.2522460535523862
10,0.3,20.0,0.32,0.26495216414623085
10,0.3,20.0,0.34,0.2616775666914804
10,0.3,20.0,0.36,0.25368499718195664
10,0.3,20.0,0.38,0.24869869461759855
10,0.3,20.0,0.4,0.247604692785599
10,0.3,20.0,0.42,0.24386097211945562
10,0.3,20.0,0.44,0.2500980103979255
10,0.3,20.0,0.46,0.25344364346126125
10,0.3,20.0,0.48,0.25088600472622347
10,0.3,20.0,0.5,0.24670288205363408
10,0.3,20.0,0.52,0.2490632667434392
10,0.3,20.0,0.54,0.2462389196612399
10,0.3,20.0,0.56,0.24266579079952325
10,0.3,20.0,0.58,0.24099338747787047
10,0.3,20.0,0.6,0.23909437635866532
10,0.3,20.0,0.62,0.23657180940381137
10,0.3,20.0,0.64,0.24278298049523914
10,0.3,20.0,0.66,0.24733930761137304
10,0.3,20.0,0.68,0.24625177935667528
10,0.3,20.0,0.7000000000000001,0.24368985311353156
10,0.3,20.0,0.72,0.24101462351484032
10,0.3,20.0,0.74,0.2410263623335235
10,0.3,25.0,0.0,0.3351286375648946
10,0.3,25.0,0.02,0.3259971133712362
10,0.3,25.0,0.04,0.35846869959289573
10,0.3,25.0,0.06,0.3393918895162131
10,0.3,25.0,0.08,0.3251374164467233
10,0.3,25.0,0.1,0.32650485236721116
10,0.3,25.0,0.12,0.31662051472363434
10,0.3,25.0,0.14,0.31053561509421485
10,0.3,25.0,0.16,0.2976134441304429
10,0.3,25.0,0.18,0.2943024608400982
10,0.3,25.0,0.2,0.2846243451186564
10,0.3,25.0,0.22,0.29591861268691766
10,0.3,25.0,0.24,0.2902912478873723
10,0.3,25.0,0.26,0.27747167263559713
10,0.3,25.0,0.28,0.2599081690162932
10,0.3,25.0,0.3,0.2538501799806701
10,0.3,25.0,0.32,0.24955586543258235
10,0.3,25.0,0.34,0.24045680363576719
10,0.3,25.0,0.36,0.2402269822620309
10,0.3,25.0,0.38,0.24065471096334026
10,0.3,25.0,0.4,0.2529206733625601
10,0.3,25.0,0.42,0.2553717352041715
10,0.3,25.0,0.44,0.2535315479965981
10,0.3,25.0,0.46,0.2507696709411948
10,0.3,25.0,0.48,0.24325958506077655
10,0.3,25.0,0.5,0.23842807775652813
10,0.3,25.0,0.52,0.23752018705668682
10,0.3,25.0,0.54,0.229482801729583
10,0.3,25.0,0.56,0.22248000205596788
10,0.3,25.0,0.58,0.22287792050573893
10,0.3,25.0,0.6,0.22501388830202085
10,0.3,25.0,0.62,0.2344567938537986
10,0.3,25.0,0.64,0.23563729968206765
10,0.3,25.0,0.66,0.23672341394587273
10,0.3,25.0,0.68,0.2355438744627961
10,0.3,25.0,0.7000000000000001,0.2383306549946449
10,0.3,25.0,0.72,0.24543594225685825
10,0.3,25.0,0.74,0.24971660332646223
10,0.3,30.0,0.0,0.34607236818916337
10,0.3,30.0,0.02,0.3255587608379784
10,0.3,30.0,0.04,0.33533024897530694
10,0.3,30.0,0.06,0.31509991400359766
10,0.3,30.0,0.08,0.29574990267614615
10,0.3,30.0,0.1,0.27306639864861576
10,0.3,30.0,0.12,0.2656898902416731
10,0.3,30.0,0.14,0.24506420440298257
10,0.3,30.0,0.16,0.2391687447652062
10,0.3,30.0,0.18,0.23392301004642885
10,0.3,30.0,0.2,0.23487812250837775
10,0.3,30.0,0.22,0.22913135906897591
10,0.3,30.0,0.24,0.21698812700837025
10,0.3,30.0,0.26,0.21360127843518234
10,0.3,30.0,0.28,0.21369650347508853
10,0.3,30.0,0.3,0.21705868319020782
10,0.3,30.0,0.32,0.2176496375649862
10,0.3,30.0,0.34,0.21821045571002717
10,0.3,30.0,0.36,0.2167066051051059
10,0.3,30.0,0.38,0.21756961336114927
10,0.3,30.0,0.4,0.21319584476858203
10,0.3,30.0,0.42,0.209811744207754
10,0.3,30.0,0.44,0.21471920074897538
10,0.3,30.0,0.46,0.20905565644171864
10,0.3,30.0,0.48,0.2136988211452352
10,0.3,30.0,0.5,0.21573746317417877
10,0.3,30.0,0.52,0.21329462858821815
10,0.3,30.0,0.54,0.20784998843781644
10,0.3,30.0,0.56,0.200211582614249
10,0.3,30.0,0.58,0.20013034599564758
10,0.3,30.0,0.6,0.19840040822515545
10,0.3,30.0,0.62,0.19584930267310366
10,0.3,30.0,0.64,0.21252075235898393
10,0.3,30.0,0.66,0.21798298419500664
10,0.3,30.0,0.68,0.21561757942799326
10,0.3,30.0,0.7000000000000001,0.2211030949614483
10,0.3,30.0,0.72,0.22388546617238056
10,0.3,30.0,0.74,0.24245516077285736
10,0.3,40.0,0.0,0.3733631499355334
10,0.3,40.0,0.02,0.33652178928024007
10,0.3,40.0,0.04,0.3318719827698191
10,0.3,40.0,0.06,0.3201977198828305
10,0.3,40.0,0.08,0.3036541635303356
10,0.3,40.0,0.1,0.29659390754416015
10,0.3,40.0,0.12,0.2962047031680286
10,0.3,40.0,0.14,0.28095706237457974
10,0.3,40.0,0.16,0.27144394786706527
10,0.3,40.0,0.18,0.2776633612581456
10,0.3,40.0,0.2,0.27806475131256564
10,0.3,40.0,0.22,0.271127147676258
10,0.3,40.0,0.24,0.26408135842764113
10,0.3,40.0,0.26,0.25995329177086696
10,0.3,40.0,0.28,0.26432895552941693
10,0.3,40.0,0.3,0.25371112619139163
10,0.3,40.0,0.32,0.269702465536213
10,0.3,40.0,0.34,0.27570470075360803
10,0.3,40.0,0.36,0.27213562077899933
10,0.3,40.0,0.38,0.2736110515457731
10,0.3,40.0,0.4,0.26638944387270724
10,0.3,40.0,0.42,0.2650281982216818
10,0.3,40.0,0.44,0.2631466087296877
10,0.3,40.0,0.46,0.2628763836498154
10,0.3,40.0,0.48,0.27030131471139524
10,0.3,40.0,0.5,0.2714018892778499
10,0.3,40.0,0.52,0.264948569979454
10,0.3,40.0,0.54,0.25802475414940557
10,0.3,40.0,0.56,0.24558730591865746
10,0.3,40.0,0.58,0.23472633403988477
10,0.3,40.0,0.6,0.23855684315708647
10,0.3,40.0,0.62,0.24631501415704024
10,0.3,40.0,0.64,0.24287387297282856
10,0.3,40.0,0.66,0.23735663358628262
10,0.3,40.0,0.68,0.23234501480109623
10,0.3,40.0,0.7000000000000001,0.23950765020437326
10,0.3,40.0,0.72,0.23837341919393706
10,0.3,40.0,0.74,0.2331276899929194
10,0.3,50.0,0.0,0.37714882990205656
10,0.3,50.0,0.02,0.35158097127734844
10,0.3,50.0,0.04,0.33462237364490005
10,0.3,50.0,0.06,0.33154137249329074
10,0.3,50.0,0.08,0.3157284816900101
10,0.3,50.0,0.1,0.3017953466737517
10,0.3,50.0,0.12,0.2931887662011524
10,0.3,50.0,0.14,0.28201530193054397
10,0.3,50.0,0.16,0.272479534263506
10,0.3,50.0,0.18,0.272848789009937
10,0.3,50.0,0.2,0.26825671335369666
10,0.3,50.0,0.22,0.2665138074877041
10,0.3,50.0,0.24,0.27559610491685144
10,0.3,50.0,0.26,0.27358087579073587
10,0.3,50.0,0.28,0.26195621509558387
10,0.3,50.0,0.3,0.26231923025467896
10,0.3,50.0,0.32,0.26543548467082784
10,0.3,50.0,0.34,0.27948129961047397
10,0.3,50.0,0.36,0.2708005926133491
10,0.3,50.0,0.38,0.26647875553207856
10,0.3,50.0,0.4,0.2552392045464181
10,0.3,50.0,0.42,0.24592560201750577
10,0.3,50.0,0.44,0.23591067272168598
10,0.3,50.0,0.46,0.2375885567710227
10,0.3,50.0,0.48,0.23953496592319234
10,0.3,50.0,0.5,0.24866036942459296
10,0.3,50.0,0.52,0.2594640884510726
10,0.3,50.0,0.54,0.26247889801082624
10,0.3,50.0,0.56,0.2668384095265665
10,0.3,50.0,0.58,0.2657891947716005
10,0.3,50.0,0.6,0.2658709208184596
10,0.3,50.0,0.62,0.2617355008307542
10,0.3,50.0,0.64,0.2665470296902677
10,0.3,50.0,0.66,0.258776397852333
10,0.3,50.0,0.68,0.25760897333221905
10,0.3,50.0,0.7000000000000001,0.25126642900089613
10,0.3,50.0,0.72,0.252307619588768
10,0.3,50.0,0.74,0.2422604819927188
10,0.3,100.0,0.0,0.35385044111555997
10,0.3,100.0,0.02,0.4242884882638682
10,0.3,100.0,0.04,0.4105457771090925
10,0.3,100.0,0.06,0.3914393233374409
10,0.3,100.0,0.08,0.37251757857265116
10,0.3,100.0,0.1,0.35874360402342326
10,0.3,100.0,0.12,0.3647274023649061
10,0.3,100.0,0.14,0.3450359645282526
10,0.3,100.0,0.16,0.32768419902728096
10,0.3,100.0,0.18,0.32215857716555674
10,0.3,100.0,0.2,0.331370679320345
10,0.3,100.0,0.22,0.3360435292291383
10,0.3,100.0,0.24,0.33029358935482506
10,0.3,100.0,0.26,0.32244909067884703
10,0.3,100.0,0.28,0.3119788858042455
10,0.3,100.0,0.3,0.3019448666784516
10,0.3,100.0,0.32,0.2915395211108351
10,0.3,100.0,0.34,0.29552077134344396
10,0.3,100.0,0.36,0.3043194719320202
10,0.3,100.0,0.38,0.3201405585065759
10,0.3,100.0,0.4,0.3205236420417309
10,0.3,100.0,0.42,0.3097275788389275
10,0.3,100.0,0.44,0.2962064592807462
10,0.3,100.0,0.46,0.28820953307791725
10,0.3,100.0,0.48,0.27856864414401905
10,0.3,100.0,0.5,0.2828037103249689
10,0.3,100.0,0.52,0.29062850840694193
10,0.3,100.0,0.54,0.28624088727830393
10,0.3,100.0,0.56,0.2784593606261417
10,0.3,100.0,0.58,0.28298536183157336
10,0.3,100.0,0.6,0.2841533054883249
10,0.3,100.0,0.62,0.2719378828952155
10,0.3,100.0,0.64,0.27349942760935336
10,0.3,100.0,0.66,0.26843375739794245
10,0.3,100.0,0.68,0.2675109327196912
10,0.3,100.0,0.7000000000000001,0.25505264418413914
10,0.3,100.0,0.72,0.2497120780778909
10,0.3,100.0,0.74,0.25051693407875963
11,0.3,0.0,0.0,0.36746185356000605
11,0.3,0.0,0.02,0.3206458476002057
11,0.3,0.0,0.04,0.3088977352668468
11,0.3,0.0,0.06,0.2998402665029189
11,0.3,0.0,0.08,0.2843649467189922
11,0.3,0.0,0.1,0.27260081577540557
11,0.3,0.0,0.12,0.26112840038463614
11,0.3,0.0,0.14,0.2578965067612621
11,0.3,0.0,0.16,0.25231309799362495
11,0.3,0.0,0.18,0.24825160717702902
11,0.3,0.0,0.2,0.24312890659332914
11,0.3,0.0,0.22,0.23929792986523274
11,0.3,0.0,0.24,0.23851437656719668
11,0.3,0.0,0.26,0.23523482997537887
11,0.3,0.0,0.28,0.2353865185707892
11,0.3,0.0,0.3,0.2338065072040624
11,0.3,0.0,0.32,0.22640815063720798
11,0.3,0.0,0.34,0.22227347093999872
11,0.3,0.0,0.36,0.2270504803376311
11,0.3,0.0,0.38,0.23039890107605482
11,0.3,0.0,0.4,0.23018304415365526
11,0.3,0.0,0.42,0.23426657016233532
11,0.3,0.0,0.44,0.23458177172709777
11,0.3,0.0,0.46,0.231144151477102
11,0.3,0.0,0.48,0.22654933742370922
11,0.3,0.0,0.5,0.22763167049158026
11,0.3,0.0,0.52,0.2362017871175343
11,0.3,0.0,0.54,0.23634458530410019
11,0.3,0.0,0.56,0.23899431062905338
11,0.3,0.0,0.58,0.23517145179347415
11,0.3,0.0,0.6,0.22878221615709773
11,0.3,0.0,0.62,0.22907011725607837
11,0.3,0.0,0.64,0.23069010097038456
11,0.3,0.0,0.66,0.23260808435925945
11,0.3,0.0,0.68,0.22969753606054946
11,0.3,0.0,0.7000000000000001,0.23160284622884786
11,0.3,0.0,0.72,0.22698881366156687
11,0.3,0.0,0.74,0.2305885872665654
11,0.3,5.0,0.0,0.3532069082248281
11,0.3,5.0,0.02,0.33268597389346577
11,0.3,5.0,0.04,0.3307817435247742
11,0.3,5.0,0.06,0.3242046777760201
11,0.3,5.0,0.08,0.30919485974016075
11,0.3,5.0,0.1,0.29692603866137784
11,0.3,5.0,0.12,0.2831382791569534
11,0.3,5.0,0.14,0.26640319125663003
11,0.3,5.0,0.16,0.253910031387025
11,0.3,5.0,0.18,0.2444519874408649
11,0.3,5.0,0.2,0.23573461887064392
11,0.3,5.0,0.22,0.23214943030245658
11,0.3,5.0,0.24,0.22910284212509188
11,0.3,5.0,0.26,0.2257741042925743
11,0.3,5.0,0.28,0.2168528002213261
11,0.3,5.0,0.3,0.22752357201666254
11,0.3,5.0,0.32,0.23050264008289054
11,0.3,5.0,0.34,0.2238519544423001
11,0.3,5.0,0.36,0.22335321590634963
11,0.3,5.0,0.38,0.22605085251971066
11,0.3,5.0,0.4,0.22704855189464773
11,0.3,5.0,0.42,0.22154237561018864
11,0.3,5.0,0.44,0.21654767429048458
11,0.3,5.0,0.46,0.22282057847740047
11,0.3,5.0,0.48,0.2240197327165708
11,0.3,5.0,0.5,0.21877010057135685
11,0.3,5.0,0.52,0.2248491783118104
11,0.3,5.0,0.54,0.23417935632288228
11,0.3,5.0,0.56,0.239199691796831
11,0.3,5.0,0.58,0.23819786655952627
11,0.3,5.0,0.6,0.23536156499173977
11,0.3,5.0,0.62,0.23156370726506195
11,0.3,5.0,0.64,0.22859683598935535
11,0.3,5.0,0.66,0.23486238306820564
11,0.3,5.0,0.68,0.23480646658143134
11,0.3,5.0,0.7000000000000001,0.24112784007071897
11,0.3,5.0,0.72,0.2392680940281785
11,0.3,5.0,0.74,0.2389219412729778
11,0.3,10.0,0.0,0.33041060316930004
11,0.3,10.0,0.02,0.31537892352683955
11,0.3,10.0,0.04,0.3215078568289572
11,0.3,10.0,0.06,0.31313113355630245
11,0.3,10.0,0.08,0.29515649494100743
11,0.3,10.0,0.1,0.2768297146765522
11,0.3,10.0,0.12,0.25437557317593285
11,0.3,10.0,0.14,0.24445986353199325
11,0.3,10.0,0.16,0.23747679577104097
11,0.3,10.0,0.18,0.2341046804430238
11,0.3,10.0,0.2,0.22568424992539862
11,0.3,10.0,0.22,0.21698290117887153
11,0.3,10.0,0.24,0.21744252542495096
11,0.3,10.0,0.26,0.21927700131908454
11,0.3,10.0,0.28,0.21946020679049383
11,0.3,10.0,0.3,0.2194533961324384
11,0.3,10.0,0.32,0.23288144542832528
11,0.3,10.0,0.34,0.22738629897418952
11,0.3,10.0,0.36,0.2231753072773175
11,0.3,10.0,0.38,0.22824786525544444
11,0.3,10.0,0.4,0.22510198266079096
11,0.3,10.0,0.42,0.2237422161566708
11,0.3,10.0,0.44,0.2259200924984805
11,0.3,10.0,0.46,0.22648157575880823
11,0.3,10.0,0.48,0.2244444593383829
11,0.3,10.0,0.5,0.21984661896972557
11,0.3,10.0,0.52,0.20708518972155995
11,0.3,10.0,0.54,0.20835724735742525
11,0.3,10.0,0.56,0.2150686219013895
11,0.3,10.0,0.58,0.2200292844078477
11,0.3,10.0,0.6,0.22171121005479813
11,0.3,10.0,0.62,0.22097006103283873
11,0.3,10.0,0.64,0.22707003473206674
11,0.3,10.0,0.66,0.23067427746614128
11,0.3,10.0,0.68,0.2294831198483513
11,0.3,10.0,0.7000000000000001,0.23330864518435518
11,0.3,10.0,0.72,0.23937174501760783
11,0.3,10.0,0.74,0.23999361270922842
11,0.3,15.0,0.0,0.35598910265429573
11,0.3,15.0,0.02,0.33932969088284515
11,0.3,15.0,0.04,0.33181281334398777
11,0.3,15.0,0.06,0.32046130565247527
11,0.3,15.0,0.08,0.3082621579438524
11,0.3,15.0,0.1,0.2921307415701081
11,0.3,15.0,0.12,0.28106202264961305
11,0.3,15.0,0.14,0.2643714936199408
11,0.3,15.0,0.16,0.2522025880321127
11,0.3,15.0,0.18,0.24391671398177037
11,0.3,15.0,0.2,0.24711007470057467
11,0.3,15.0,0.22,0.24477415017003334
11,0.3,15.0,0.24,0.2413763013414548
11,0.3,15.0,0.26,0.23927496091003184
11,0.3,15.0,0.28,0.2345170408909608
11,0.3,15.0,0.3,0.23802238814205795
11,0.3,15.0,0.32,0.2405023310538715
11,0.3,15.0,0.34,0.24545330937931226
11,0.3,15.0,0.36,0.235096053066157
11,0.3,15.0,0.38,0.23465669746739243
11,0.3,15.0,0.4,0.23698021774771186
11,0.3,15.0,0.42,0.23749471127633542
11,0.3,15.0,0.44,0.24513816205324973
11,0.3,15.0,0.46,0.25348355070521705
11,0.3,15.0,0.48,0.2667465884828465
11,0.3,15.0,0.5,0.25720425523892965
11,0.3,15.0,0.52,0.2633405651044905
11,0.3,15.0,0.54,0.26119654064655234
11,0.3,15.0,0.56,0.24418682397362088
11,0.3,15.0,0.58,0.23760981727524969
11,0.3,15.0,0.6,0.23974618991233138
11,0.3,15.0,0.62,0.23350878649938342
11,0.3,15.0,0.64,0.22463730525512704
11,0.3,15.0,0.66,0.21799818832696033
11,0.3,15.0,0.68,0.21434035487672187
11,0.3,15.0,0.7000000000000001,0.22497545523880844
11,0.3,15.0,0.72,0.24135667792764676
11,0.3,15.0,0.74,0.24500881618434275
11,0.3,20.0,0.0,0.3485899891158151
11,0.3,20.0,0.02,0.3290017519461154
11,0.3,20.0,0.04,0.3283170084830827
11,0.3,20.0,0.06,0.3157897430910422
11,0.3,20.0,0.08,0.2972262485347425
11,0.3,20.0,0.1,0.28740604346009063
11,0.3,20.0,0.12,0.2711012999709028
11,0.3,20.0,0.14,0.2616859892266212
11,0.3,20.0,0.16,0.26034356530453795
11,0.3,20.0,0.18,0.2682571382412674
11,0.3,20.0,0.2,0.26582591979655035
11,0.3,20.0,0.22,0.2579800696712427
11,0.3,20.0,0.24,0.25671601140255584
11,0.3,20.0,0.26,0.25306776720745744
11,0.3,20.0,0.28,0.2546062515963537
11,0.3,20.0,0.3,0.2838654148766579
11,0.3,20.0,0.32,0.285019067479904
11,0.3,20.0,0.34,0.2803793083207022
11,0.3,20.0,0.36,0.2719883214647949
11,0.3,20.0,0.38,0.2679898086419304
11,0.3,20.0,0.4,0.2642164282015119
11,0.3,20.0,0.42,0.26067573934788785
11,0.3,20.0,0.44,0.26212261897283035
11,0.3,20.0,0.46,0.2640230172309874
11,0.3,20.0,0.48,0.26285476847747963
11,0.3,20.0,0.5,0.26601793751282443
11,0.3,20.0,0.52,0.2661179411353155
11,0.3,20.0,0.54,0.26124625808103913
11,0.3,20.0,0.56,0.2560535433319612
11,0.3,20.0,0.58,0.2604503334293201
11,0.3,20.0,0.6,0.25413264849603606
11,0.3,20.0,0.62,0.24749968773935568
11,0.3,20.0,0.64,0.24572728011200234
11,0.3,20.0,0.66,0.23774533861267474
11,0.3,20.0,0.68,0.22848362278414203
11,0.3,20.0,0.7000000000000001,0.22588069694883087
11,0.3,20.0,0.72,0.22852931949579192
11,0.3,20.0,0.74,0.24409778636593027
11,0.3,25.0,0.0,0.3577193637055591
11,0.3,25.0,0.02,0.34670098431497726
11,0.3,25.0,0.04,0.3507020383962123
11,0.3,25.0,0.06,0.3402334937778449
11,0.3,25.0,0.08,0.3222721021244646
11,0.3,25.0,0.1,0.30611362782326124
11,0.3,25.0,0.12,0.30608890285986545
11,0.3,25.0,0.14,0.30148562037998233
11,0.3,25.0,0.16,0.30678671574524646
11,0.3,25.0,0.18,0.29434604778866225
11,0.3,25.0,0.2,0.2844697703806025
11,0.3,25.0,0.22,0.27376876967351493
11,0.3,25.0,0.24,0.269067354733739
11,0.3,25.0,0.26,0.26115252925039806
11,0.3,25.0,0.28,0.25487538424376416
11,0.3,25.0,0.3,0.2536995226353306
11,0.3,25.0,0.32,0.2562819748306446
11,0.3,25.0,0.34,0.2594322129932545
11,0.3,25.0,0.36,0.2542701172279229
11,0.3,25.0,0.38,0.2388376331081397
11,0.3,25.0,0.4,0.238158015770152
11,0.3,25.0,0.42,0.22929403401824733
11,0.3,25.0,0.44,0.2324986309808971
11,0.3,25.0,0.46,0.22951237766591104
11,0.3,25.0,0.48,0.22242175317881746
11,0.3,25.0,0.5,0.232287010727634
11,0.3,25.0,0.52,0.24505248616339786
11,0.3,25.0,0.54,0.2521366263923836
11,0.3,25.0,0.56,0.2515687820729631
11,0.3,25.0,0.58,0.25139139872458655
11,0.3,25.0,0.6,0.25076578069173383
11,0.3,25.0,0.62,0.2531952055684325
11,0.3,25.0,0.64,0.2549191580966748
11,0.3,25.0,0.66,0.24882112590382158
11,0.3,25.0,0.68,0.24630506094456675
11,0.3,25.0,0.7000000000000001,0.24431026390126365
11,0.3,25.0,0.72,0.23558368024926085
11,0.3,25.0,0.74,0.22081673426877602
11,0.3,30.0,0.0,0.31821960275715433
11,0.3,30.0,0.02,0.3113049527585169
11,0.3,30.0,0.04,0.32176061565485475
11,0.3,30.0,0.06,0.32044069613697507
11,0.3,30.0,0.08,0.3070331346732614
11,0.3,30.0,0.1,0.2863624975002097
11,0.3,30.0,0.12,0.27049792812028906
11,0.3,30.0,0.14,0.26070592823882477
11,0.3,30.0,0.16,0.24880406270134386
11,0.3,30.0,0.18,0.2506577969159662
11,0.3,30.0,0.2,0.25164843102741935
11,0.3,30.0,0.22,0.25482657886987287
11,0.3,30.0,0.24,0.2561758394003398
11,0.3,30.0,0.26,0.25437725330572125
11,0.3,30.0,0.28,0.2442809806203371
11,0.3,30.0,0.3,0.24194421145046321
11,0.3,30.0,0.32,0.24255723974731652
11,0.3,30.0,0.34,0.24277953289538484
11,0.3,30.0,0.36,0.24413531159479526
11,0.3,30.0,0.38,0.2395638653978302
11,0.3,30.0,0.4,0.2355388873658191
11,0.3,30.0,0.42,0.24583723808874045
11,0.3,30.0,0.44,0.25300054025150337
11,0.3,30.0,0.46,0.247448621043379
11,0.3,30.0,0.48,0.2519169744458271
11,0.3,30.0,0.5,0.24921970082379424
11,0.3,30.0,0.52,0.2457821155037794
11,0.3,30.0,0.54,0.2384038450363439
11,0.3,30.0,0.56,0.24053287406831272
11,0.3,30.0,0.58,0.23738870237844564
11,0.3,30.0,0.6,0.23781008746599477
11,0.3,30.0,0.62,0.2380161623541188
11,0.3,30.0,0.64,0.23410415977992555
11,0.3,30.0,0.66,0.23266783573099703
11,0.3,30.0,0.68,0.2348832741838121
11,0.3,30.0,0.7000000000000001,0.2418056932349439
11,0.3,30.0,0.72,0.23599884043187008
11,0.3,30.0,0.74,0.2282650002583891
11,0.3,40.0,0.0,0.3511716438570411
11,0.3,40.0,0.02,0.3272923615430049
11,0.3,40.0,0.04,0.3311901538891147
11,0.3,40.0,0.06,0.32385172448622485
11,0.3,40.0,0.08,0.305160960157003
11,0.3,40.0,0.1,0.2921523079021599
11,0.3,40.0,0.12,0.2825392949977701
11,0.3,40.0,0.14,0.279233410878474
11,0.3,40.0,0.16,0.2693451903702629
11,0.3,40.0,0.18,0.25390342763126816
11,0.3,40.0,0.2,0.25761566990079865
11,0.3,40.0,0.22,0.2543138865781287
11,0.3,40.0,0.24,0.2558103890317237
11,0.3,40.0,0.26,0.24721070149931115
11,0.3,40.0,0.28,0.23750253249919018
11,0.3,40.0,0.3,0.23745021868550048
11,0.3,40.0,0.32,0.2330465428695676
11,0.3,40.0,0.34,0.24027786137050988
11,0.3,40.0,0.36,0.24852914583809288
11,0.3,40.0,0.38,0.2501048314704286
11,0.3,40.0,0.4,0.2476003629339928
11,0.3,40.0,0.42,0.24526597558108582
11,0.3,40.0,0.44,0.24367194050778343
11,0.3,40.0,0.46,0.2348767606420775
11,0.3,40.0,0.48,0.2328619031066939
11,0.3,40.0,0.5,0.22330907485483364
11,0.3,40.0,0.52,0.21977596557981197
11,0.3,40.0,0.54,0.22413938078654239
11,0.3,40.0,0.56,0.2458642207400579
11,0.3,40.0,0.58,0.25781261632741004
11,0.3,40.0,0.6,0.25512486583793964
11,0.3,40.0,0.62,0.25042862615467465
11,0.3,40.0,0.64,0.2567725598278391
11,0.3,40.0,0.66,0.2613708028592294
11,0.3,40.0,0.68,0.26518896307356465
11,0.3,40.0,0.7000000000000001,0.26626570939549393
11,0.3,40.0,0.72,0.26132645605618565
11,0.3,40.0,0.74,0.26043721290285526
11,0.3,50.0,0.0,0.3421265024290252
11,0.3,50.0,0.02,0.3548749745763488
11,0.3,50.0,0.04,0.3611446362761541
11,0.3,50.0,0.06,0.34313189601175054
11,0.3,50.0,0.08,0.3310624923142919
11,0.3,50.0,0.1,0.32243458635704764
11,0.3,50.0,0.12,0.3082588224921103
11,0.3,50.0,0.14,0.29394225212194397
11,0.3,50.0,0.16,0.2989928827779104
11,0.3,50.0,0.18,0.30400654500972824
11,0.3,50.0,0.2,0.2957759668992923
11,0.3,50.0,0.22,0.2786285913593503
11,0.3,50.0,0.24,0.2711214045495487
11,0.3,50.0,0.26,0.26968122173904446
11,0.3,50.0,0.28,0.2761358355044866
11,0.3,50.0,0.3,0.26913332774034154
11,0.3,50.0,0.32,0.27003069351430653
11,0.3,50.0,0.34,0.27678968113785113
11,0.3,50.0,0.36,0.2750330908777978
11,0.3,50.0,0.38,0.27051484530269493
11,0.3,50.0,0.4,0.26877769008126706
11,0.3,50.0,0.42,0.27563401250776665
11,0.3,50.0,0.44,0.2766607803596339
11,0.3,50.0,0.46,0.2701995016008421
11,0.3,50.0,0.48,0.27195099971567155
11,0.3,50.0,0.5,0.26989766372217494
11,0.3,50.0,0.52,0.27057590908657836
11,0.3,50.0,0.54,0.2697174786809534
11,0.3,50.0,0.56,0.26817823891469905
11,0.3,50.0,0.58,0.2682873363833028
11,0.3,50.0,0.6,0.25634916444888095
11,0.3,50.0,0.62,0.24843073399773136
11,0.3,50.0,0.64,0.2464511079068871
11,0.3,50.0,0.66,0.2550966236015661
11,0.3,50.0,0.68,0.2570238583050488
11,0.3,50.0,0.7000000000000001,0.251024487162367
11,0.3,50.0,0.72,0.25035666435547077
11,0.3,50.0,0.74,0.25057350930162825
11,0.3,100.0,0.0,0.3728832268699519
11,0.3,100.0,0.02,0.35138172265144246
11,0.3,100.0,0.04,0.33964379850990517
11,0.3,100.0,0.06,0.3394384618156643
11,0.3,100.0,0.08,0.3188513706181057
11,0.3,100.0,0.1,0.30102194720155956
11,0.3,100.0,0.12,0.2895891606498515
11,0.3,100.0,0.14,0.28254619319237495
11,0.3,100.0,0.16,0.2826986489569211
11,0.3,100.0,0.18,0.27919096320022435
11,0.3,100.0,0.2,0.2758010893990467
11,0.3,100.0,0.22,0.26451536111315266
11,0.3,100.0,0.24,0.2536978763590178
11,0.3,100.0,0.26,0.24869359107558542
11,0.3,100.0,0.28,0.24244731933139438
11,0.3,100.0,0.3,0.25131498557402904
11,0.3,100.0,0.32,0.2558695847913366
11,0.3,100.0,0.34,0.25320540705973277
11,0.3,100.0,0.36,0.25293772449544427
11,0.3,100.0,0.38,0.24959778345689942
11,0.3,100.0,0.4,0.2480012066075991
11,0.3,100.0,0.42,0.251770790839765
11,0.3,100.0,0.44,0.2510187827201786
11,0.3,100.0,0.46,0.25663613698152654
11,0.3,100.0,0.48,0.2611289473107251
11,0.3,100.0,0.5,0.2640561183933115
11,0.3,100.0,0.52,0.26911059117549246
11,0.3,100.0,0.54,0.2725121853342853
11,0.3,100.0,0.56,0.285068968622348
11,0.3,100.0,0.58,0.27447271664679496
11,0.3,100.0,0.6,0.2655493505786821
11,0.3,100.0,0.62,0.26571348256504423
11,0.3,100.0,0.64,0.2666922158697098
11,0.3,100.0,0.66,0.2606886889764167
11,0.3,100.0,0.68,0.2831515684796468
11,0.3,100.0,0.7000000000000001,0.2895309486515214
11,0.3,100.0,0.72,0.2790292626471197
11,0.3,100.0,0.74,0.2772788379763266
12,0.3,0.0,0.0,0.3339236109502275
12,0.3,0.0,0.02,0.30611333527451273
12,0.3,0.0,0.04,0.3076822441981675
12,0.3,0.0,0.06,0.31135535334724135
12,0.3,0.0,0.08,0.2885018501281113
12,0.3,0.0,0.1,0.26871727845854443
12,0.3,0.0,0.12,0.2629150861141757
12,0.3,0.0,0.14,0.25874844629987487
12,0.3,0.0,0.16,0.2511430098093026
12,0.3,0.0,0.18,0.2475140126935535
12,0.3,0.0,0.2,0.24607447165680604
12,0.3,0.0,0.22,0.2420628281550433
12,0.3,0.0,0.24,0.2448358946558324
12,0.3,0.0,0.26,0.24310829157574498
12,0.3,0.0,0.28,0.24081167530929248
12,0.3,0.0,0.3,0.24136442128135863
12,0.3,0.0,0.32,0.24187264381748722
12,0.3,0.0,0.34,0.2419860910844
12,0.3,0.0,0.36,0.24028169665473303
12,0.3,0.0,0.38,0.2469754727149966
12,0.3,0.0,0.4,0.24324381445988247
12,0.3,0.0,0.42,0.24057958266192309
12,0.3,0.0,0.44,0.24109716682296692
12,0.3,0.0,0.46,0.238391993856303
12,0.3,0.0,0.48,0.23422708183655824
12,0.3,0.0,0.5,0.2407067331741189
12,0.3,0.0,0.52,0.23824157030671814
12,0.3,0.0,0.54,0.23403768574418884
12,0.3,0.0,0.56,0.23225575170480203
12,0.3,0.0,0.58,0.23889824387430583
12,0.3,0.0,0.6,0.23815564324739877
12,0.3,0.0,0.62,0.23584514024105627
12,0.3,0.0,0.64,0.23703428997467943
12,0.3,0.0,0.66,0.23602269698132367
12,0.3,0.0,0.68,0.23213818310937684
12,0.3,0.0,0.7000000000000001,0.2304069753632068
12,0.3,0.0,0.72,0.230312589006647
12,0.3,0.0,0.74,0.22923401937907037
12,0.3,5.0,0.0,0.34281236310997204
12,0.3,5.0,0.02,0.33117740982016763
12,0.3,5.0,0.04,0.32223156928621405
12,0.3,5.0,0.06,0.321051216814026
12,0.3,5.0,0.08,0.30393779320373016
12,0.3,5.0,0.1,0.2906029958690169
12,0.3,5.0,0.12,0.2768401777178304
12,0.3,5.0,0.14,0.26258627961928693
12,0.3,5.0,0.16,0.2547788639542217
12,0.3,5.0,0.18,0.24839981443594605
12,0.3,5.0,0.2,0.24143600308542304
12,0.3,5.0,0.22,0.23426562600173406
12,0.3,5.0,0.24,0.23122157013990496
12,0.3,5.0,0.26,0.2315669343025302
12,0.3,5.0,0.28,0.2260371899219027
12,0.3,5.0,0.3,0.22824146322598118
12,0.3,5.0,0.32,0.2266596076253736
12,0.3,5.0,0.34,0.23986980912892217
12,0.3,5.0,0.36,0.23858689900068025
12,0.3,5.0,0.38,0.2322971541299073
12,0.3,5.0,0.4,0.23098187262958292
12,0.3,5.0,0.42,0.22534523745267135
12,0.3,5.0,0.44,0.22557119256556776
12,0.3,5.0,0.46,0.2272124995153608
12,0.3,5.0,0.48,0.22523928872918372
12,0.3,5.0,0.5,0.219932484029775
12,0.3,5.0,0.52,0.2158263688114776
12,0.3,5.0,0.54,0.21612519483722956
12,0.3,5.0,0.56,0.21713972582666347
12,0.3,5.0,0.58,0.21152118732911082
12,0.3,5.0,0.6,0.21227917057664522
12,0.3,5.0,0.62,0.21249183047460796
12,0.3,5.0,0.64,0.21603918824312782
12,0.3,5.0,0.66,0.21748206453399993
12,0.3,5.0,0.68,0.21583038090706802
12,0.3,5.0,0.7000000000000001,0.20511561596936753
12,0.3,5.0,0.72,0.23056966040168161
12,0.3,5.0,0.74,0.20298258818116266
12,0.3,10.0,0.0,0.3523763074917768
12,0.3,10.0,0.02,0.3293891131080406
12,0.3,10.0,0.04,0.3312734854827894
12,0.3,10.0,0.06,0.3242716278973795
12,0.3,10.0,0.08,0.308435388358877
12,0.3,10.0,0.1,0.28856334013905727
12,0.3,10.0,0.12,0.27226425732342563
12,0.3,10.0,0.14,0.26623141124668404
12,0.3,10.0,0.16,0.2641266546405698
12,0.3,10.0,0.18,0.2509107547371965
12,0.3,10.0,0.2,0.24622530466455364
12,0.3,10.0,0.22,0.2516385326516648
12,0.3,10.0,0.24,0.2453748704745229
12,0.3,10.0,0.26,0.24174688920843124
12,0.3,10.0,0.28,0.23337878694034736
12,0.3,10.0,0.3,0.22903628538353224
12,0.3,10.0,0.32,0.22973039979274892
12,0.3,10.0,0.34,0.22542737763011916
12,0.3,10.0,0.36,0.23092772845457993
12,0.3,10.0,0.38,0.2290863018292826
12,0.3,10.0,0.4,0.23144667145875375
12,0.3,10.0,0.42,0.23642074710321462
12,0.3,10.0,0.44,0.24213291258731048
12,0.3,10.0,0.46,0.23891367343672407
12,0.3,10.0,0.48,0.23133514342186803
12,0.3,10.0,0.5,0.24007535326479737
12,0.3,10.0,0.52,0.23834475483361448
12,0.3,10.0,0.54,0.23375892618744518
12,0.3,10.0,0.56,0.2327573936028605
12,0.3,10.0,0.58,0.23798770197159902
12,0.3,10.0,0.6,0.24082023549999013
12,0.3,10.0,0.62,0.23858283543974054
12,0.3,10.0,0.64,0.240298395865585
12,0.3,10.0,0.66,0.2351152501669919
12,0.3,10.0,0.68,0.23478193062432834
12,0.3,10.0,0.7000000000000001,0.23057181927440587
12,0.3,10.0,0.72,0.2295038079820266
12,0.3,10.0,0.74,0.2314637539957889
12,0.3,15.0,0.0,0.3408566887110184
12,0.3,15.0,0.02,0.3162106932989364
12,0.3,15.0,0.04,0.32271479462566
12,0.3,15.0,0.06,0.3118230815773938
12,0.3,15.0,0.08,0.3080773984545072
12,0.3,15.0,0.1,0.29038289751704244
12,0.3,15.0,0.12,0.2757182266728189
12,0.3,15.0,0.14,0.2689286395594613
12,0.3,15.0,0.16,0.25650260818176746
12,0.3,15.0,0.18,0.2618959476367
12,0.3,15.0,0.2,0.2567747936694823
12,0.3,15.0,0.22,0.2521016509541806
12,0.3,15.0,0.24,0.2432376068546102
12,0.3,15.0,0.26,0.23651684775611403
12,0.3,15.0,0.28,0.24143633347182566
12,0.3,15.0,0.3,0.24532006350498908
12,0.3,15.0,0.32,0.2514876662666111
12,0.3,15.0,0.34,0.2622022829690154
12,0.3,15.0,0.36,0.2569242786891452
12,0.3,15.0,0.38,0.25093145354636254
12,0.3,15.0,0.4,0.24458690341938724
12,0.3,15.0,0.42,0.24606628352844642
12,0.3,15.0,0.44,0.25439175734362174
12,0.3,15.0,0.46,0.2463400232546482
12,0.3,15.0,0.48,0.24307172087065498
12,0.3,15.0,0.5,0.23916255694701383
12,0.3,15.0,0.52,0.2357851143338085
12,0.3,15.0,0.54,0.2290683021623419
12,0.3,15.0,0.56,0.22551926772046635
12,0.3,15.0,0.58,0.2221163885098343
12,0.3,15.0,0.6,0.21919548095360447
12,0.3,15.0,0.62,0.21889975072293527
12,0.3,15.0,0.64,0.217610488965173
12,0.3,15.0,0.66,0.21728768121272327
12,0.3,15.0,0.68,0.2163749753643539
12,0.3,15.0,0.7000000000000001,0.2247999181898775
12,0.3,15.0,0.72,0.2238387814045121
12,0.3,15.0,0.74,0.22316567605483453
12,0.3,20.0,0.0,0.3304042968393328
12,0.3,20.0,0.02,0.32919861035170705
12,0.3,20.0,0.04,0.32601880476861933
12,0.3,20.0,0.06,0.32327042018683794
12,0.3,20.0,0.08,0.30669530270607015
12,0.3,20.0,0.1,0.2843268134354136
12,0.3,20.0,0.12,0.2667882789491676
12,0.3,20.0,0.14,0.2637916613191842
12,0.3,20.0,0.16,0.25832447449641427
12,0.3,20.0,0.18,0.24830397946267707
12,0.3,20.0,0.2,0.24220931102729995
12,0.3,20.0,0.22,0.2458833804960692
12,0.3,20.0,0.24,0.2347631746416919
12,0.3,20.0,0.26,0.2401945741148038
12,0.3,20.0,0.28,0.2360152159746201
12,0.3,20.0,0.3,0.2253690872497171
12,0.3,20.0,0.32,0.22806085681698046
12,0.3,20.0,0.34,0.2238373400231373
12,0.3,20.0,0.36,0.22324499099861753
12,0.3,20.0,0.38,0.22153712720711094
12,0.3,20.0,0.4,0.21345227710846473
12,0.3,20.0,0.42,0.21284493448905356
12,0.3,20.0,0.44,0.21625666009380126
12,0.3,20.0,0.46,0.22192408516969714
12,0.3,20.0,0.48,0.22093895744145636
12,0.3,20.0,0.5,0.21791952925634803
12,0.3,20.0,0.52,0.21874527640930316
12,0.3,20.0,0.54,0.22203878658710735
12,0.3,20.0,0.56,0.22089744502897585
12,0.3,20.0,0.58,0.22180910346750543
12,0.3,20.0,0.6,0.21521168321359416
12,0.3,20.0,0.62,0.21266669672443245
12,0.3,20.0,0.64,0.21691571069035728
12,0.3,20.0,0.66,0.21681483054835787
12,0.3,20.0,0.68,0.20756557693393834
12,0.3,20.0,0.7000000000000001,0.20441248296130946
12,0.3,20.0,0.72,0.20291608673929204
12,0.3,20.0,0.74,0.20735617883070812
12,0.3,25.0,0.0,0.32946909810641134
12,0.3,25.0,0.02,0.31391207792552045
12,0.3,25.0,0.04,0.31797883866668397
12,0.3,25.0,0.06,0.30329271168097227
12,0.3,25.0,0.08,0.29005814232925237
12,0.3,25.0,0.1,0.2868963345468329
12,0.3,25.0,0.12,0.26587839868178836
12,0.3,25.0,0.14,0.2624076568454112
12,0.3,25.0,0.16,0.25711220651446887
12,0.3,25.0,0.18,0.24542257153081487
12,0.3,25.0,0.2,0.2356819351998188
12,0.3,25.0,0.22,0.22942907489231748
12,0.3,25.0,0.24,0.2299346415441708
12,0.3,25.0,0.26,0.21856598560496635
12,0.3,25.0,0.28,0.2210484953917832
12,0.3,25.0,0.3,0.22563489452068639
12,0.3,25.0,0.32,0.228502512165562
12,0.3,25.0,0.34,0.21648264003415338
12,0.3,25.0,0.36,0.24122642466661395
12,0.3,25.0,0.38,0.24474111522403383
12,0.3,25.0,0.4,0.253643164402972
12,0.3,25.0,0.42,0.25318812369231836
12,0.3,25.0,0.44,0.24881840033728514
12,0.3,25.0,0.46,0.2518401436251481
12,0.3,25.0,0.48,0.25576279878988506
12,0.3,25.0,0.5,0.2533590142128959
12,0.3,25.0,0.52,0.2483948966436373
12,0.3,25.0,0.54,0.2548527031403748
12,0.3,25.0,0.56,0.25387715948268996
12,0.3,25.0,0.58,0.2614082974044842
12,0.3,25.0,0.6,0.2604345058854495
12,0.3,25.0,0.62,0.2594953589702007
12,0.3,25.0,0.64,0.25125319816169644
12,0.3,25.0,0.66,0.24129295978434392
12,0.3,25.0,0.68,0.2396279161094682
12,0.3,25.0,0.7000000000000001,0.24763624383919175
12,0.3,25.0,0.72,0.25088497561108525
12,0.3,25.0,0.74,0.2515230830399664
12,0.3,30.0,0.0,0.3200539304593737
12,0.3,30.0,0.02,0.31214993964011895
12,0.3,30.0,0.04,0.32305647707497953
12,0.3,30.0,0.06,0.32943854589179333
12,0.3,30.0,0.08,0.30049305481484406
12,0.3,30.0,0.1,0.27945502492477703
12,0.3,30.0,0.12,0.26823633941383235
12,0.3,30.0,0.14,0.2659112284169437
12,0.3,30.0,0.16,0.2545387107556703
12,0.3,30.0,0.18,0.2431343165055155
12,0.3,30.0,0.2,0.2417529831273846
12,0.3,30.0,0.22,0.23099746079072914
12,0.3,30.0,0.24,0.2249926323673613
12,0.3,30.0,0.26,0.25117655714759973
12,0.3,30.0,0.28,0.2603656913070595
12,0.3,30.0,0.3,0.2554862349489427
12,0.3,30.0,0.32,0.255127948294627
12,0.3,30.0,0.34,0.2521095398788366
12,0.3,30.0,0.36,0.24473102108752823
12,0.3,30.0,0.38,0.23919645842337173
12,0.3,30.0,0.4,0.23723208485887806
12,0.3,30.0,0.42,0.23121700650996016
12,0.3,30.0,0.44,0.23625562917330278
12,0.3,30.0,0.46,0.23498318412133837
12,0.3,30.0,0.48,0.2317783950028381
12,0.3,30.0,0.5,0.22706909749617266
12,0.3,30.0,0.52,0.22314940764022767
12,0.3,30.0,0.54,0.21644789730603506
12,0.3,30.0,0.56,0.21658257304613823
12,0.3,30.0,0.58,0.22144593240026206
12,0.3,30.0,0.6,0.2242957731609854
12,0.3,30.0,0.62,0.23544169083565405
12,0.3,30.0,0.64,0.23319291294676842
12,0.3,30.0,0.66,0.23806082209009083
12,0.3,30.0,0.68,0.23789269671785815
12,0.3,30.0,0.7000000000000001,0.2288427491361105
12,0.3,30.0,0.72,0.22510177295798073
12,0.3,30.0,0.74,0.22948731543210565
12,0.3,40.0,0.0,0.35870016765392737
12,0.3,40.0,0.02,0.33247010240848257
12,0.3,40.0,0.04,0.334721901199906
12,0.3,40.0,0.06,0.33494240934824987
12,0.3,40.0,0.08,0.3243453560237446
12,0.3,40.0,0.1,0.31625428338561307
12,0.3,40.0,0.12,0.3038730801228218
12,0.3,40.0,0.14,0.2913363487095304
12,0.3,40.0,0.16,0.28504225271936007
12,0.3,40.0,0.18,0.2766557791955605
12,0.3,40.0,0.2,0.26756477972486326
12,0.3,40.0,0.22,0.2597731913123837
12,0.3,40.0,0.24,0.25637000081318567
12,0.3,40.0,0.26,0.25153425050372
12,0.3,40.0,0.28,0.24931898759826376
12,0.3,40.0,0.3,0.25443391283529343
12,0.3,40.0,0.32,0.24941477349697255
12,0.3,40.0,0.34,0.25320796517148064
12,0.3,40.0,0.36,0.254812411075726
12,0.3,40.0,0.38,0.25602062696900063
12,0.3,40.0,0.4,0.249513427827601
12,0.3,40.0,0.42,0.2532009190755414
12,0.3,40.0,0.44,0.2537405929432114
12,0.3,40.0,0.46,0.27041271261602273
12,0.3,40.0,0.48,0.2707468520079753
12,0.3,40.0,0.5,0.2652758831583478
12,0.3,40.0,0.52,0.26523435423857933
12,0.3,40.0,0.54,0.2583563710409079
12,0.3,40.0,0.56,0.25389587663255664
12,0.3,40.0,0.58,0.26034211473403507
12,0.3,40.0,0.6,0.2531944302798834
12,0.3,40.0,0.62,0.25432753124789476
12,0.3,40.0,0.64,0.2560732219333248
12,0.3,40.0,0.66,0.25523165555870014
12,0.3,40.0,0.68,0.2474077531576554
12,0.3,40.0,0.7000000000000001,0.2430003869495676
12,0.3,40.0,0.72,0.24998137274652207
12,0.3,40.0,0.74,0.2595724144647459
12,0.3,50.0,0.0,0.35334765512093647
12,0.3,50.0,0.02,0.3371881815049886
12,0.3,50.0,0.04,0.34193668681425593
12,0.3,50.0,0.06,0.3446670875222062
12,0.3,50.0,0.08,0.32254469480348824
12,0.3,50.0,0.1,0.3007363637261888
12,0.3,50.0,0.12,0.28924986019031845
12,0.3,50.0,0.14,0.2833032261126301
12,0.3,50.0,0.16,0.2732086547183967
12,0.3,50.0,0.18,0.26270750441625196
12,0.3,50.0,0.2,0.25843684791112487
12,0.3,50.0,0.22,0.27279768078268946
12,0.3,50.0,0.24,0.26421546368077864
12,0.3,50.0,0.26,0.2745271203986866
12,0.3,50.0,0.28,0.2699000594329483
12,0.3,50.0,0.3,0.2630386254995803
12,0.3,50.0,0.32,0.2585634413327929
12,0.3,50.0,0.34,0.2592594839103365
12,0.3,50.0,0.36,0.26484593849207333
12,0.3,50.0,0.38,0.2713497029913045
12,0.3,50.0,0.4,0.273444319997947
12,0.3,50.0,0.42,0.2653202661503811
12,0.3,50.0,0.44,0.27514885612282186
12,0.3,50.0,0.46,0.2761850997194701
12,0.3,50.0,0.48,0.2578945363631805
12,0.3,50.0,0.5,0.2640738054651432
12,0.3,50.0,0.52,0.26443822832241365
12,0.3,50.0,0.54,0.25886910896395926
12,0.3,50.0,0.56,0.26053639524823863
12,0.3,50.0,0.58,0.26470840573548926
12,0.3,50.0,0.6,0.2692727261748163
12,0.3,50.0,0.62,0.26207872894753914
12,0.3,50.0,0.64,0.28080465623199674
12,0.3,50.0,0.66,0.27557004741086566
12,0.3,50.0,0.68,0.2628837436490421
12,0.3,50.0,0.7000000000000001,0.25791064611863235
12,0.3,50.0,0.72,0.25847605022345294
12,0.3,50.0,0.74,0.25147902399160393
12,0.3,100.0,0.0,0.3408273033820014
12,0.3,100.0,0.02,0.33602417997576334
12,0.3,100.0,0.04,0.31419785449953375
12,0.3,100.0,0.06,0.3199710584018228
12,0.3,100.0,0.08,0.3154795515279454
12,0.3,100.0,0.1,0.3060511074145023
12,0.3,100.0,0.12,0.304615997902898
12,0.3,100.0,0.14,0.30310224785293066
12,0.3,100.0,0.16,0.30897719668789436
12,0.3,100.0,0.18,0.29878204952478893
12,0.3,100.0,0.2,0.2981364482983071
12,0.3,100.0,0.22,0.28631281569996736
12,0.3,100.0,0.24,0.2811646633902255
12,0.3,100.0,0.26,0.30392217481824413
12,0.3,100.0,0.28,0.33087723326284463
12,0.3,100.0,0.3,0.3365620585238706
12,0.3,100.0,0.32,0.33726563725698294
12,0.3,100.0,0.34,0.33763843531180976
12,0.3,100.0,0.36,0.33782788503563227
12,0.3,100.0,0.38,0.33764715092278885
12,0.3,100.0,0.4,0.33749916682009407
12,0.3,100.0,0.42,0.3372556133074216
12,0.3,100.0,0.44,0.3372338050155211
12,0.3,100.0,0.46,0.3371450432739727
12,0.3,100.0,0.48,0.33716337331546653
12,0.3,100.0,0.5,0.3370603640649445
12,0.3,100.0,0.52,0.3371662061495598
12,0.3,100.0,0.54,0.3372097089641377
12,0.3,100.0,0.56,0.3371472891024058
12,0.3,100.0,0.58,0.33714505233638714
12,0.3,100.0,0.6,0.33715371439370817
12,0.3,100.0,0.62,0.3372393254596864
12,0.3,100.0,0.64,0.33726417924058555
12,0.3,100.0,0.66,0.33728731189353495
12,0.3,100.0,0.68,0.3372664073602295
12,0.3,100.0,0.7000000000000001,0.3373295525113907
12,0.3,100.0,0.72,0.337341016162177
12,0.3,100.0,0.74,0.33739073539115283
13,0.3,0.0,0.0,0.3365389571908264
13,0.3,0.0,0.02,0.3287442894783592
13,0.3,0.0,0.04,0.32233384722667513
13,0.3,0.0,0.06,0.2983155166308056
13,0.3,0.0,0.08,0.2942231258476724
13,0.3,0.0,0.1,0.2769594246404726
13,0.3,0.0,0.12,0.2619641425001511
13,0.3,0.0,0.14,0.2517482741655698
13,0.3,0.0,0.16,0.24682177408526662
13,0.3,0.0,0.18,0.2469467573893945
13,0.3,0.0,0.2,0.24392331746112875
13,0.3,0.0,0.22,0.24401970898099992
13,0.3,0.0,0.24,0.24116756132593703
13,0.3,0.0,0.26,0.24218794970030016
13,0.3,0.0,0.28,0.2380743158673196
13,0.3,0.0,0.3,0.2342392593087208
13,0.3,0.0,0.32,0.2288819869581291
13,0.3,0.0,0.34,0.2297749154512869
13,0.3,0.0,0.36,0.2337373410234553
13,0.3,0.0,0.38,0.23626182751302216
13,0.3,0.0,0.4,0.23460033738365185
13,0.3,0.0,0.42,0.23252814007881698
13,0.3,0.0,0.44,0.23663736984600395
13,0.3,0.0,0.46,0.2371636349267076
13,0.3,0.0,0.48,0.23268689003749268
13,0.3,0.0,0.5,0.22968503049473657
13,0.3,0.0,0.52,0.22990306526219392
13,0.3,0.0,0.54,0.23106647069129338
13,0.3,0.0,0.56,0.2312506812610633
13,0.3,0.0,0.58,0.22870433492565037
13,0.3,0.0,0.6,0.2272839588864431
13,0.3,0.0,0.62,0.23262736370397252
13,0.3,0.0,0.64,0.23562832152446345
13,0.3,0.0,0.66,0.23320073429933674
13,0.3,0.0,0.68,0.23560913911600678
13,0.3,0.0,0.7000000000000001,0.23586288949140438
13,0.3,0.0,0.72,0.2347355314144597
13,0.3,0.0,0.74,0.2274049169216496
13,0.3,5.0,0.0,0.33784095862973584
13,0.3,5.0,0.02,0.3196875250520525
13,0.3,5.0,0.04,0.3185855768960351
13,0.3,5.0,0.06,0.31809101090391184
13,0.3,5.0,0.08,0.2990454211113087
13,0.3,5.0,0.1,0.28043807750557076
13,0.3,5.0,0.12,0.27008099303269384
13,0.3,5.0,0.14,0.26635022264369046
13,0.3,5.0,0.16,0.26079203811262625
13,0.3,5.0,0.18,0.2547780505939702
13,0.3,5.0,0.2,0.25142937823419204
13,0.3,5.0,0.22,0.24949266041186163
13,0.3,5.0,0.24,0.249904358633088
13,0.3,5.0,0.26,0.2485174752928509
13,0.3,5.0,0.28,0.2410458318559404
13,0.3,5.0,0.3,0.23336378054749823
13,0.3,5.0,0.32,0.23196552558944117
13,0.3,5.0,0.34,0.23240253945184694
13,0.3,5.0,0.36,0.23234012686115874
13,0.3,5.0,0.38,0.2467406623509059
13,0.3,5.0,0.4,0.24392723957149268
13,0.3,5.0,0.42,0.24142171871901483
13,0.3,5.0,0.44,0.2437188507867212
13,0.3,5.0,0.46,0.2444482185205035
13,0.3,5.0,0.48,0.24227580762613668
13,0.3,5.0,0.5,0.23699112290239427
13,0.3,5.0,0.52,0.23878280888130907
13,0.3,5.0,0.54,0.23938550416954293
13,0.3,5.0,0.56,0.23887743283149138
13,0.3,5.0,0.58,0.24037327803873146
13,0.3,5.0,0.6,0.24986510287731625
13,0.3,5.0,0.62,0.2621089321590098
13,0.3,5.0,0.64,0.2658286052353791
13,0.3,5.0,0.66,0.2635111990176432
13,0.3,5.0,0.68,0.25817989053418683
13,0.3,5.0,0.7000000000000001,0.247170032023463
13,0.3,5.0,0.72,0.2387381925857469
13,0.3,5.0,0.74,0.24397753591398647
13,0.3,10.0,0.0,0.34087405415969463
13,0.3,10.0,0.02,0.3256252342516729
13,0.3,10.0,0.04,0.33113796230704295
13,0.3,10.0,0.06,0.32346688690934317
13,0.3,10.0,0.08,0.3054798076588961
13,0.3,10.0,0.1,0.2963324837063312
13,0.3,10.0,0.12,0.29426945512308605
13,0.3,10.0,0.14,0.29347240341233083
13,0.3,10.0,0.16,0.28193162518254533
13,0.3,10.0,0.18,0.27612245816500863
13,0.3,10.0,0.2,0.2636520519407175
13,0.3,10.0,0.22,0.2689763581498515
13,0.3,10.0,0.24,0.2632079966469002
13,0.3,10.0,0.26,0.2613933472049474
13,0.3,10.0,0.28,0.25860516165954006
13,0.3,10.0,0.3,0.25413283409583154
13,0.3,10.0,0.32,0.2552635764841245
13,0.3,10.0,0.34,0.2548494917982206
13,0.3,10.0,0.36,0.25753492284966023
13,0.3,10.0,0.38,0.24757981421848202
13,0.3,10.0,0.4,0.24947193882337382
13,0.3,10.0,0.42,0.24788667448708818
13,0.3,10.0,0.44,0.24526522414249974
13,0.3,10.0,0.46,0.24779170911177245
13,0.3,10.0,0.48,0.24445125687241578
13,0.3,10.0,0.5,0.2412346979706758
13,0.3,10.0,0.52,0.2406808335329735
13,0.3,10.0,0.54,0.24092093603168926
13,0.3,10.0,0.56,0.24475990693127106
13,0.3,10.0,0.58,0.24324766075599463
13,0.3,10.0,0.6,0.24562330282270306
13,0.3,10.0,0.62,0.24419197263284742
13,0.3,10.0,0.64,0.23592338606852065
13,0.3,10.0,0.66,0.23608524332110445
13,0.3,10.0,0.68,0.24134843507897583
13,0.3,10.0,0.7000000000000001,0.2265601599915126
13,0.3,10.0,0.72,0.22528301262993417
13,0.3,10.0,0.74,0.22431288753356904
13,0.3,15.0,0.0,0.35009396042123747
13,0.3,15.0,0.02,0.3252591369903893
13,0.3,15.0,0.04,0.32663749636447154
13,0.3,15.0,0.06,0.31403937926320413
13,0.3,15.0,0.08,0.2944131451075172
13,0.3,15.0,0.1,0.2814605653298654
13,0.3,15.0,0.12,0.2696999160722297
13,0.3,15.0,0.14,0.24384985490217348
13,0.3,15.0,0.16,0.2441444162939318
13,0.3,15.0,0.18,0.2475746138895855
13,0.3,15.0,0.2,0.23800257704989486
13,0.3,15.0,0.22,0.23319769609418392
13,0.3,15.0,0.24,0.22731366789105067
13,0.3,15.0,0.26,0.23019798813375844
13,0.3,15.0,0.28,0.23400875316385442
13,0.3,15.0,0.3,0.22616150636735347
13,0.3,15.0,0.32,0.22073205547204727
13,0.3,15.0,0.34,0.21839225291449596
13,0.3,15.0,0.36,0.21803215299115586
13,0.3,15.0,0.38,0.22452296666162422
13,0.3,15.0,0.4,0.21989969831174078
13,0.3,15.0,0.42,0.21761973107468915
13,0.3,15.0,0.44,0.22372415577798854
13,0.3,15.0,0.46,0.22627715446181584
13,0.3,15.0,0.48,0.22511038023052748
13,0.3,15.0,0.5,0.22045721174074415
13,0.3,15.0,0.52,0.2153372384699698
13,0.3,15.0,0.54,0.212964697560046
13,0.3,15.0,0.56,0.21253522378139514
13,0.3,15.0,0.58,0.22128209582946315
13,0.3,15.0,0.6,0.22410780264747404
13,0.3,15.0,0.62,0.21831977401177552
13,0.3,15.0,0.64,0.22175381518395262
13,0.3,15.0,0.66,0.21889788271813526
13,0.3,15.0,0.68,0.2199217757513825
13,0.3,15.0,0.7000000000000001,0.2217811747099878
13,0.3,15.0,0.72,0.2224683175446827
13,0.3,15.0,0.74,0.22498377559567245
13,0.3,20.0,0.0,0.35034467657154084
13,0.3,20.0,0.02,0.32126434529807424
13,0.3,20.0,0.04,0.32214333416619734
13,0.3,20.0,0.06,0.31571316382365566
13,0.3,20.0,0.08,0.3123079435841486
13,0.3,20.0,0.1,0.2965483348072817
13,0.3,20.0,0.12,0.2768322679442087
13,0.3,20.0,0.14,0.26294032176064697
13,0.3,20.0,0.16,0.26804141435819895
13,0.3,20.0,0.18,0.27143552429092493
13,0.3,20.0,0.2,0.2619132389349697
13,0.3,20.0,0.22,0.2554300976829468
13,0.3,20.0,0.24,0.2584710732628022
13,0.3,20.0,0.26,0.25623162852379516
13,0.3,20.0,0.28,0.2567525775750332
13,0.3,20.0,0.3,0.25144049350320735
13,0.3,20.0,0.32,0.25182722344700514
13,0.3,20.0,0.34,0.2529374159753632
13,0.3,20.0,0.36,0.24516806465173568
13,0.3,20.0,0.38,0.24282124785624834
13,0.3,20.0,0.4,0.2387209997319262
13,0.3,20.0,0.42,0.2312732773026324
13,0.3,20.0,0.44,0.2293609649950436
13,0.3,20.0,0.46,0.2315422521591372
13,0.3,20.0,0.48,0.23531210297427888
13,0.3,20.0,0.5,0.23044950382852444
13,0.3,20.0,0.52,0.22652360659323864
13,0.3,20.0,0.54,0.22626616004394748
13,0.3,20.0,0.56,0.23060614254741624
13,0.3,20.0,0.58,0.23014360297645942
13,0.3,20.0,0.6,0.2278301483231949
13,0.3,20.0,0.62,0.22272794743075205
13,0.3,20.0,0.64,0.22065885622777756
13,0.3,20.0,0.66,0.22034838296053066
13,0.3,20.0,0.68,0.22612342266183352
13,0.3,20.0,0.7000000000000001,0.22211685578884507
13,0.3,20.0,0.72,0.22671154961411116
13,0.3,20.0,0.74,0.22640850085111347
13,0.3,25.0,0.0,0.3691440562786419
13,0.3,25.0,0.02,0.33841042008334776
13,0.3,25.0,0.04,0.3346979318598253
13,0.3,25.0,0.06,0.32500863298053695
13,0.3,25.0,0.08,0.31002488015669516
13,0.3,25.0,0.1,0.29733746619402135
13,0.3,25.0,0.12,0.28900128899729643
13,0.3,25.0,0.14,0.29612528428508533
13,0.3,25.0,0.16,0.29098452868020813
13,0.3,25.0,0.18,0.27704848122349
13,0.3,25.0,0.2,0.2690296798721294
13,0.3,25.0,0.22,0.26425261899104613
13,0.3,25.0,0.24,0.2594859728188846
13,0.3,25.0,0.26,0.2564254328171959
13,0.3,25.0,0.28,0.2446406702082743
13,0.3,25.0,0.3,0.24186589342057008
13,0.3,25.0,0.32,0.2435369460413027
13,0.3,25.0,0.34,0.2411325293482295
13,0.3,25.0,0.36,0.24007297623245982
13,0.3,25.0,0.38,0.23845851838527798
13,0.3,25.0,0.4,0.23667267798213243
13,0.3,25.0,0.42,0.23435320742552962
13,0.3,25.0,0.44,0.23510424270647792
13,0.3,25.0,0.46,0.24736504992716798
13,0.3,25.0,0.48,0.24032957379565176
13,0.3,25.0,0.5,0.22694762081231015
13,0.3,25.0,0.52,0.22682076777309085
13,0.3,25.0,0.54,0.2254679781691033
13,0.3,25.0,0.56,0.2214162721021617
13,0.3,25.0,0.58,0.21559772622594062
13,0.3,25.0,0.6,0.21432444693565286
13,0.3,25.0,0.62,0.21330562101872313
13,0.3,25.0,0.64,0.2030952317286626
13,0.3,25.0,0.66,0.20475153635380008
13,0.3,25.0,0.68,0.21140526820378705
13,0.3,25.0,0.7000000000000001,0.21259685894015798
13,0.3,25.0,0.72,0.21673939728709457
13,0.3,25.0,0.74,0.2096337065908018
13,0.3,30.0,0.0,0.32844204698164814
13,0.3,30.0,0.02,0.32292275961072947
13,0.3,30.0,0.04,0.3299149083023499
13,0.3,30.0,0.06,0.3208573454155203
13,0.3,30.0,0.08,0.3150853843074515
13,0.3,30.0,0.1,0.3068499079818504
13,0.3,30.0,0.12,0.29959124117662317
13,0.3,30.0,0.14,0.2923053149354582
13,0.3,30.0,0.16,0.28097949671152067
13,0.3,30.0,0.18,0.28496466553004546
13,0.3,30.0,0.2,0.2762844754085659
13,0.3,30.0,0.22,0.2641101745845507
13,0.3,30.0,0.24,0.2583827967627258
13,0.3,30.0,0.26,0.25966434968994717
13,0.3,30.0,0.28,0.2603287569143925
13,0.3,30.0,0.3,0.24975031629540187
13,0.3,30.0,0.32,0.23661517224681466
13,0.3,30.0,0.34,0.228177636939049
13,0.3,30.0,0.36,0.21709212924019106
13,0.3,30.0,0.38,0.21464497831661905
13,0.3,30.0,0.4,0.2139910884603502
13,0.3,30.0,0.42,0.20767734265525042
13,0.3,30.0,0.44,0.20852427523552516
13,0.3,30.0,0.46,0.20718907231828085
13,0.3,30.0,0.48,0.21030456330957378
13,0.3,30.0,0.5,0.21912457840558364
13,0.3,30.0,0.52,0.22256157894619036
13,0.3,30.0,0.54,0.22711898665390234
13,0.3,30.0,0.56,0.23207071920974043
13,0.3,30.0,0.58,0.2373277026155052
13,0.3,30.0,0.6,0.22723801008608524
13,0.3,30.0,0.62,0.22842346112272
13,0.3,30.0,0.64,0.2203360570390068
13,0.3,30.0,0.66,0.22296368720481374
13,0.3,30.0,0.68,0.21772674531169245
13,0.3,30.0,0.7000000000000001,0.22006281323418037
13,0.3,30.0,0.72,0.21431007555568574
13,0.3,30.0,0.74,0.2169649388713731
13,0.3,40.0,0.0,0.34341623383308356
13,0.3,40.0,0.02,0.320953253018905
13,0.3,40.0,0.04,0.3165453033555745
13,0.3,40.0,0.06,0.3189072526126371
13,0.3,40.0,0.08,0.3053587990754394
13,0.3,40.0,0.1,0.2912285507487785
13,0.3,40.0,0.12,0.28577336092128564
13,0.3,40.0,0.14,0.2843731809925234
13,0.3,40.0,0.16,0.29045721853696943
13,0.3,40.0,0.18,0.2836407908461778
13,0.3,40.0,0.2,0.29076316836160115
13,0.3,40.0,0.22,0.2812186815423388
13,0.3,40.0,0.24,0.28209768680311476
13,0.3,40.0,0.26,0.28431276657336046
13,0.3,40.0,0.28,0.2875822505697444
13,0.3,40.0,0.3,0.2906401008884221
13,0.3,40.0,0.32,0.2817944372999637
13,0.3,40.0,0.34,0.2804266889680918
13,0.3,40.0,0.36,0.27819705199652567
13,0.3,40.0,0.38,0.26598096908448093
13,0.3,40.0,0.4,0.26142702199377654
13,0.3,40.0,0.42,0.26108864438405976
13,0.3,40.0,0.44,0.27109066249658736
13,0.3,40.0,0.46,0.27236348753773976
13,0.3,40.0,0.48,0.26620404133292463
13,0.3,40.0,0.5,0.26477084461291844
13,0.3,40.0,0.52,0.25853738448725055
13,0.3,40.0,0.54,0.25103386540887246
13,0.3,40.0,0.56,0.2511227385015812
13,0.3,40.0,0.58,0.25237676320966
13,0.3,40.0,0.6,0.25780082572651464
13,0.3,40.0,0.62,0.26818958065983745
13,0.3,40.0,0.64,0.2654181488095278
13,0.3,40.0,0.66,0.25446959433514976
13,0.3,40.0,0.68,0.24336781643884073
13,0.3,40.0,0.7000000000000001,0.2419811121953463
13,0.3,40.0,0.72,0.24832641408618325
13,0.3,40.0,0.74,0.2509180914500525
13,0.3,50.0,0.0,0.3745047386204505
13,0.3,50.0,0.02,0.3609205495094262
13,0.3,50.0,0.04,0.3491181762149722
13,0.3,50.0,0.06,0.3437614578956563
13,0.3,50.0,0.08,0.33078936980430573
13,0.3,50.0,0.1,0.3121797975965654
13,0.3,50.0,0.12,0.3004801360123831
13,0.3,50.0,0.14,0.2938677470151733
13,0.3,50.0,0.16,0.2910987918214033
13,0.3,50.0,0.18,0.28149391291436837
13,0.3,50.0,0.2,0.27631049238546174
13,0.3,50.0,0.22,0.2709635565102867
13,0.3,50.0,0.24,0.26203589809432926
13,0.3,50.0,0.26,0.2438945572860285
13,0.3,50.0,0.28,0.23926831534559656
13,0.3,50.0,0.3,0.24406593923305372
13,0.3,50.0,0.32,0.24140012788769544
13,0.3,50.0,0.34,0.2417900276075844
13,0.3,50.0,0.36,0.24620263358134126
13,0.3,50.0,0.38,0.24909837827335796
13,0.3,50.0,0.4,0.259262442334828
13,0.3,50.0,0.42,0.2548253749426672
13,0.3,50.0,0.44,0.24646138683616314
13,0.3,50.0,0.46,0.23680144550007853
13,0.3,50.0,0.48,0.22737656768064762
13,0.3,50.0,0.5,0.2319890574612007
13,0.3,50.0,0.52,0.23305282404025585
13,0.3,50.0,0.54,0.24426730508408062
13,0.3,50.0,0.56,0.24980541640670967
13,0.3,50.0,0.58,0.2475714745750112
13,0.3,50.0,0.6,0.24678053084454507
13,0.3,50.0,0.62,0.2481552778546292
13,0.3,50.0,0.64,0.2623682829341374
13,0.3,50.0,0.66,0.2540898678828486
13,0.3,50.0,0.68,0.24823748556779854
13,0.3,50.0,0.7000000000000001,0.24273934701499641
13,0.3,50.0,0.72,0.2349688337672308
13,0.3,50.0,0.74,0.2419408216496589
13,0.3,100.0,0.0,0.34454648181719866
13,0.3,100.0,0.02,0.31763760503112204
13,0.3,100.0,0.04,0.3265242471364729
13,0.3,100.0,0.06,0.32959385090588994
13,0.3,100.0,0.08,0.32554788806900864
13,0.3,100.0,0.1,0.3185206518002935
13,0.3,100.0,0.12,0.30672971560748463
13,0.3,100.0,0.14,0.29368645598555304
13,0.3,100.0,0.16,0.29385956288605275
13,0.3,100.0,0.18,0.2929681946248225
13,0.3,100.0,0.2,0.27242352317973945
13,0.3,100.0,0.22,0.2873918224894287
13,0.3,100.0,0.24,0.29652677552645434
13,0.3,100.0,0.26,0.2927477669889376
13,0.3,100.0,0.28,0.28353100965244404
13,0.3,100.0,0.3,0.2761032499461023
13,0.3,100.0,0.32,0.27365890350083044
13,0.3,100.0,0.34,0.27388485753210884
13,0.3,100.0,0.36,0.25793866381033
13,0.3,100.0,0.38,0.26119631115490105
13,0.3,100.0,0.4,0.29209301262018017
13,0.3,100.0,0.42,0.2864008473381928
13,0.3,100.0,0.44,0.2825666584360009
13,0.3,100.0,0.46,0.28814304624763365
13,0.3,100.0,0.48,0.2915357745065725
13,0.3,100.0,0.5,0.28226791017104136
13,0.3,100.0,0.52,0.2728067290534711
13,0.3,100.0,0.54,0.2652592494294791
13,0.3,100.0,0.56,0.2649161607120521
13,0.3,100.0,0.58,0.27073142114805404
13,0.3,100.0,0.6,0.27626469413837884
13,0.3,100.0,0.62,0.28479943218584153
13,0.3,100.0,0.64,0.28990528457214626
13,0.3,100.0,0.66,0.2805883569577834
13,0.3,100.0,0.68,0.27670611755461244
13,0.3,100.0,0.7000000000000001,0.27201277701556503
13,0.3,100.0,0.72,0.28497744311906087
13,0.3,100.0,0.74,0.2819259686634596
14,0.3,0.0,0.0,0.3633848166418479
14,0.3,0.0,0.02,0.32920634476684685
14,0.3,0.0,0.04,0.3165516675628577
14,0.3,0.0,0.06,0.30866800104349706
14,0.3,0.0,0.08,0.2908837651530001
14,0.3,0.0,0.1,0.2752460019172765
14,0.3,0.0,0.12,0.2606913861220277
14,0.3,0.0,0.14,0.24908224996865214
14,0.3,0.0,0.16,0.2518101184987027
14,0.3,0.0,0.18,0.2524706325408637
14,0.3,0.0,0.2,0.24634858967861023
14,0.3,0.0,0.22,0.24073929301359256
14,0.3,0.0,0.24,0.24410285344013283
14,0.3,0.0,0.26,0.24691410974802688
14,0.3,0.0,0.28,0.24372724519720682
14,0.3,0.0,0.3,0.24684637928482908
14,0.3,0.0,0.32,0.24385543576158134
14,0.3,0.0,0.34,0.24496198755786128
14,0.3,0.0,0.36,0.24158284078438674
14,0.3,0.0,0.38,0.23955017664936765
14,0.3,0.0,0.4,0.24098646612137614
14,0.3,0.0,0.42,0.24194280727572087
14,0.3,0.0,0.44,0.2399399665640861
14,0.3,0.0,0.46,0.24346013779845782
14,0.3,0.0,0.48,0.24089086804142454
14,0.3,0.0,0.5,0.23940267670067059
14,0.3,0.0,0.52,0.23906196227430948
14,0.3,0.0,0.54,0.23263679856063244
14,0.3,0.0,0.56,0.23034151717154472
14,0.3,0.0,0.58,0.23465875109238785
14,0.3,0.0,0.6,0.23861182653501284
14,0.3,0.0,0.62,0.23996404479002345
14,0.3,0.0,0.64,0.23845161978672486
14,0.3,0.0,0.66,0.2367901513867602
14,0.3,0.0,0.68,0.23154672778485308
14,0.3,0.0,0.7000000000000001,0.23454987415750167
14,0.3,0.0,0.72,0.23548844243936615
14,0.3,0.0,0.74,0.2368280050021278
14,0.3,5.0,0.0,0.3488537452100899
14,0.3,5.0,0.02,0.3309377100364167
14,0.3,5.0,0.04,0.33428610700055517
14,0.3,5.0,0.06,0.32103968463081656
14,0.3,5.0,0.08,0.2998381616235313
14,0.3,5.0,0.1,0.28395334346532436
14,0.3,5.0,0.12,0.27228298357244746
14,0.3,5.0,0.14,0.2592347802346311
14,0.3,5.0,0.16,0.2436529769885618
14,0.3,5.0,0.18,0.22814183761719214
14,0.3,5.0,0.2,0.22057952070519263
14,0.3,5.0,0.22,0.21403619469798218
14,0.3,5.0,0.24,0.20692217053343537
14,0.3,5.0,0.26,0.21143940458224536
14,0.3,5.0,0.28,0.20960925862582383
14,0.3,5.0,0.3,0.20811972901190448
14,0.3,5.0,0.32,0.20727694316784886
14,0.3,5.0,0.34,0.21127704100698438
14,0.3,5.0,0.36,0.21724570737452417
14,0.3,5.0,0.38,0.21905051000242795
14,0.3,5.0,0.4,0.21964634987045836
14,0.3,5.0,0.42,0.21806454805563633
14,0.3,5.0,0.44,0.21919012113015282
14,0.3,5.0,0.46,0.21558540288071487
14,0.3,5.0,0.48,0.21534175539940173
14,0.3,5.0,0.5,0.20456253918141346
14,0.3,5.0,0.52,0.20652393341883146
14,0.3,5.0,0.54,0.20628753950814582
14,0.3,5.0,0.56,0.20273380775492364
14,0.3,5.0,0.58,0.20567359794094897
14,0.3,5.0,0.6,0.2057856125161287
14,0.3,5.0,0.62,0.20488102908770434
14,0.3,5.0,0.64,0.19913719796229554
14,0.3,5.0,0.66,0.19189198671818525
14,0.3,5.0,0.68,0.18852981747879058
14,0.3,5.0,0.7000000000000001,0.18306226074784032
14,0.3,5.0,0.72,0.17826787056791066
14,0.3,5.0,0.74,0.18168995562244142
14,0.3,10.0,0.0,0.35592065914847193
14,0.3,10.0,0.02,0.333566312151109
14,0.3,10.0,0.04,0.34085307915798174
14,0.3,10.0,0.06,0.3276173403945517
14,0.3,10.0,0.08,0.30928640533099716
14,0.3,10.0,0.1,0.28945890565653676
14,0.3,10.0,0.12,0.2789855288368357
14,0.3,10.0,0.14,0.267638914498625
14,0.3,10.0,0.16,0.24948933019020242
14,0.3,10.0,0.18,0.24740242565109308
14,0.3,10.0,0.2,0.2403211153445063
14,0.3,10.0,0.22,0.24456327829284777
14,0.3,10.0,0.24,0.23961257958817636
14,0.3,10.0,0.26,0.24162215973287332
14,0.3,10.0,0.28,0.23970829068538377
14,0.3,10.0,0.3,0.23309578646295748
14,0.3,10.0,0.32,0.24134249275092517
14,0.3,10.0,0.34,0.23893933301384057
14,0.3,10.0,0.36,0.22875474983033467
14,0.3,10.0,0.38,0.22568591627139373
14,0.3,10.0,0.4,0.22649985863143463
14,0.3,10.0,0.42,0.23196086022853823
14,0.3,10.0,0.44,0.22656200718105057
14,0.3,10.0,0.46,0.22108628015450324
14,0.3,10.0,0.48,0.2269351331931053
14,0.3,10.0,0.5,0.22313070025322634
14,0.3,10.0,0.52,0.2123752115762109
14,0.3,10.0,0.54,0.19947794196266982
14,0.3,10.0,0.56,0.1978856392223746
14,0.3,10.0,0.58,0.19303012202077102
14,0.3,10.0,0.6,0.19319616787102795
14,0.3,10.0,0.62,0.19308958156175832
14,0.3,10.0,0.64,0.20599659779861076
14,0.3,10.0,0.66,0.2134258171066788
14,0.3,10.0,0.68,0.21033545386078037
14,0.3,10.0,0.7000000000000001,0.20324737631143433
14,0.3,10.0,0.72,0.20997683280766566
14,0.3,10.0,0.74,0.21845827648988383
14,0.3,15.0,0.0,0.34443008769943645
14,0.3,15.0,0.02,0.327135628328216
14,0.3,15.0,0.04,0.33183056433109803
14,0.3,15.0,0.06,0.3283625289053638
14,0.3,15.0,0.08,0.3137288290596336
14,0.3,15.0,0.1,0.2978605309456624
14,0.3,15.0,0.12,0.2805850685602915
14,0.3,15.0,0.14,0.28589487178332035
14,0.3,15.0,0.16,0.279783489646048
14,0.3,15.0,0.18,0.2674656261742359
14,0.3,15.0,0.2,0.26989495632717453
14,0.3,15.0,0.22,0.27844557764333466
14,0.3,15.0,0.24,0.27237784664901166
14,0.3,15.0,0.26,0.2742547172316398
14,0.3,15.0,0.28,0.26547463177418557
14,0.3,15.0,0.3,0.2618881376616444
14,0.3,15.0,0.32,0.25867489359354
14,0.3,15.0,0.34,0.255291619054996
14,0.3,15.0,0.36,0.2579264066955927
14,0.3,15.0,0.38,0.2616864676922502
14,0.3,15.0,0.4,0.2507906370331568
14,0.3,15.0,0.42,0.2554299758377092
14,0.3,15.0,0.44,0.2532360071483467
14,0.3,15.0,0.46,0.24865354464472775
14,0.3,15.0,0.48,0.25315152399125623
14,0.3,15.0,0.5,0.2573659720198385
14,0.3,15.0,0.52,0.2609876470222373
14,0.3,15.0,0.54,0.26296069889691687
14,0.3,15.0,0.56,0.2575635121292977
14,0.3,15.0,0.58,0.26530114576771463
14,0.3,15.0,0.6,0.2671583930717221
14,0.3,15.0,0.62,0.268648231816934
14,0.3,15.0,0.64,0.26837612119722254
14,0.3,15.0,0.66,0.26282343897574645
14,0.3,15.0,0.68,0.26030849814806795
14,0.3,15.0,0.7000000000000001,0.26029382797236283
14,0.3,15.0,0.72,0.2541219900755984
14,0.3,15.0,0.74,0.24641079277314396
14,0.3,20.0,0.0,0.34026126875750645
14,0.3,20.0,0.02,0.3256293643914303
14,0.3,20.0,0.04,0.33916454703040805
14,0.3,20.0,0.06,0.3188894618723968
14,0.3,20.0,0.08,0.2997541740002707
14,0.3,20.0,0.1,0.2850776232340301
14,0.3,20.0,0.12,0.28182370367322657
14,0.3,20.0,0.14,0.2757311253966108
14,0.3,20.0,0.16,0.2636357085006888
14,0.3,20.0,0.18,0.2516982316997431
14,0.3,20.0,0.2,0.2523727390953761
14,0.3,20.0,0.22,0.2566693566497852
14,0.3,20.0,0.24,0.26561975609293415
14,0.3,20.0,0.26,0.2675552622667238
14,0.3,20.0,0.28,0.2627063660500568
14,0.3,20.0,0.3,0.25341532296951136
14,0.3,20.0,0.32,0.2391088423211104
14,0.3,20.0,0.34,0.23298272445456317
14,0.3,20.0,0.36,0.23944538548033792
14,0.3,20.0,0.38,0.23812541787509026
14,0.3,20.0,0.4,0.23973505907617487
14,0.3,20.0,0.42,0.24566024825839824
14,0.3,20.0,0.44,0.24552620803332303
14,0.3,20.0,0.46,0.24312197983400713
14,0.3,20.0,0.48,0.24139118648633334
14,0.3,20.0,0.5,0.24486975788690915
14,0.3,20.0,0.52,0.25222436768018897
14,0.3,20.0,0.54,0.24633075937277674
14,0.3,20.0,0.56,0.245678914391723
14,0.3,20.0,0.58,0.23680996690482342
14,0.3,20.0,0.6,0.23540566163276652
14,0.3,20.0,0.62,0.23860663465902
14,0.3,20.0,0.64,0.23408219797783628
14,0.3,20.0,0.66,0.2366208197245103
14,0.3,20.0,0.68,0.23171577078804131
14,0.3,20.0,0.7000000000000001,0.2232483545207121
14,0.3,20.0,0.72,0.22467947281032571
14,0.3,20.0,0.74,0.21891142577583542
14,0.3,25.0,0.0,0.35101236217540116
14,0.3,25.0,0.02,0.32527357154099834
14,0.3,25.0,0.04,0.3314933948746711
14,0.3,25.0,0.06,0.3229566668566754
14,0.3,25.0,0.08,0.3101957420264203
14,0.3,25.0,0.1,0.2974587992255886
14,0.3,25.0,0.12,0.29020648568532587
14,0.3,25.0,0.14,0.2767863957788622
14,0.3,25.0,0.16,0.27342457657379693
14,0.3,25.0,0.18,0.2731833387530128
14,0.3,25.0,0.2,0.27428562331335965
14,0.3,25.0,0.22,0.2821507444598916
14,0.3,25.0,0.24,0.2761123795599883
14,0.3,25.0,0.26,0.2778525229956084
14,0.3,25.0,0.28,0.27516037241313457
14,0.3,25.0,0.3,0.2602510811379451
14,0.3,25.0,0.32,0.2580722681864016
14,0.3,25.0,0.34,0.2730143997804632
14,0.3,25.0,0.36,0.26197630440936553
14,0.3,25.0,0.38,0.26700925814880616
14,0.3,25.0,0.4,0.25495832053148026
14,0.3,25.0,0.42,0.2560708832875854
14,0.3,25.0,0.44,0.24959049173482042
14,0.3,25.0,0.46,0.24866211467511012
14,0.3,25.0,0.48,0.2552788734764961
14,0.3,25.0,0.5,0.25382053185684345
14,0.3,25.0,0.52,0.2535928939427821
14,0.3,25.0,0.54,0.249286742173432
14,0.3,25.0,0.56,0.24695087483051473
14,0.3,25.0,0.58,0.25376671995073874
14,0.3,25.0,0.6,0.25017209883636604
14,0.3,25.0,0.62,0.2606811743369504
14,0.3,25.0,0.64,0.25784939641899907
14,0.3,25.0,0.66,0.25158597991432174
14,0.3,25.0,0.68,0.24913989671819944
14,0.3,25.0,0.7000000000000001,0.2503808923172141
14,0.3,25.0,0.72,0.23982239807071581
14,0.3,25.0,0.74,0.24281121195468805
14,0.3,30.0,0.0,0.3210686559407261
14,0.3,30.0,0.02,0.3158745418242178
14,0.3,30.0,0.04,0.32814851220584945
14,0.3,30.0,0.06,0.3202548606880028
14,0.3,30.0,0.08,0.31095071247493095
14,0.3,30.0,0.1,0.3181282618666261
14,0.3,30.0,0.12,0.3049007177462501
14,0.3,30.0,0.14,0.28956113386947885
14,0.3,30.0,0.16,0.28272273156395455
14,0.3,30.0,0.18,0.284483527038592
14,0.3,30.0,0.2,0.30354588140355526
14,0.3,30.0,0.22,0.300144058155953
14,0.3,30.0,0.24,0.28662978139107764
14,0.3,30.0,0.26,0.28979306084613593
14,0.3,30.0,0.28,0.28945276133968545
14,0.3,30.0,0.3,0.29000632593980186
14,0.3,30.0,0.32,0.2854366740764525
14,0.3,30.0,0.34,0.27629329978672024
14,0.3,30.0,0.36,0.2716593385499701
14,0.3,30.0,0.38,0.2678945817871128
14,0.3,30.0,0.4,0.2570245453309531
14,0.3,30.0,0.42,0.2545385011006658
14,0.3,30.0,0.44,0.2489497768914289
14,0.3,30.0,0.46,0.23981782112750974
14,0.3,30.0,0.48,0.24358349146637984
14,0.3,30.0,0.5,0.2404278820116528
14,0.3,30.0,0.52,0.24204540779987394
14,0.3,30.0,0.54,0.24247147552956602
14,0.3,30.0,0.56,0.2344981300050477
14,0.3,30.0,0.58,0.22846561423985215
14,0.3,30.0,0.6,0.2298573199539672
14,0.3,30.0,0.62,0.2347255095254541
14,0.3,30.0,0.64,0.23777673492559595
14,0.3,30.0,0.66,0.23577598595542362
14,0.3,30.0,0.68,0.23462939399562396
14,0.3,30.0,0.7000000000000001,0.2290614324782448
14,0.3,30.0,0.72,0.22917145361652366
14,0.3,30.0,0.74,0.22802734759790383
14,0.3,40.0,0.0,0.3739214501610122
14,0.3,40.0,0.02,0.3556804766705712
14,0.3,40.0,0.04,0.34373127978258744
14,0.3,40.0,0.06,0.3326754241676559
14,0.3,40.0,0.08,0.32224514540237953
14,0.3,40.0,0.1,0.30485441518528567
14,0.3,40.0,0.12,0.2881366117834835
14,0.3,40.0,0.14,0.2695210783984568
14,0.3,40.0,0.16,0.2553157299109764
14,0.3,40.0,0.18,0.250191161704831
14,0.3,40.0,0.2,0.24612997019502172
14,0.3,40.0,0.22,0.2462047334690334
14,0.3,40.0,0.24,0.23176929180318526
14,0.3,40.0,0.26,0.2377947396597228
14,0.3,40.0,0.28,0.23484267519165494
14,0.3,40.0,0.3,0.22592982367331282
14,0.3,40.0,0.32,0.2259081745401154
14,0.3,40.0,0.34,0.22535961993872491
14,0.3,40.0,0.36,0.22452933127828065
14,0.3,40.0,0.38,0.21627238042227667
14,0.3,40.0,0.4,0.2052857731694489
14,0.3,40.0,0.42,0.214219802429969
14,0.3,40.0,0.44,0.22199749455378273
14,0.3,40.0,0.46,0.2336107904699632
14,0.3,40.0,0.48,0.24535826757311824
14,0.3,40.0,0.5,0.24229337342304247
14,0.3,40.0,0.52,0.23982888092581903
14,0.3,40.0,0.54,0.23094735510417055
14,0.3,40.0,0.56,0.23185635342157895
14,0.3,40.0,0.58,0.24265956573279707
14,0.3,40.0,0.6,0.24269918140826663
14,0.3,40.0,0.62,0.24796233986296426
14,0.3,40.0,0.64,0.24505209693625377
14,0.3,40.0,0.66,0.24881586646477902
14,0.3,40.0,0.68,0.24725954947617082
14,0.3,40.0,0.7000000000000001,0.2499350430174992
14,0.3,40.0,0.72,0.2546043525271001
14,0.3,40.0,0.74,0.2505964873491529
14,0.3,50.0,0.0,0.3344736385006352
14,0.3,50.0,0.02,0.334930813303159
14,0.3,50.0,0.04,0.34559667161773
14,0.3,50.0,0.06,0.33489317391377055
14,0.3,50.0,0.08,0.3410225506619125
14,0.3,50.0,0.1,0.3487820713744525
14,0.3,50.0,0.12,0.32860562316904013
14,0.3,50.0,0.14,0.3108971738370484
14,0.3,50.0,0.16,0.3096578463034536
14,0.3,50.0,0.18,0.30964795163241565
14,0.3,50.0,0.2,0.3085360160978551
14,0.3,50.0,0.22,0.30724143256316805
14,0.3,50.0,0.24,0.30389401765826857
14,0.3,50.0,0.26,0.29906887320112097
14,0.3,50.0,0.28,0.29506547735486405
14,0.3,50.0,0.3,0.2936334403148932
14,0.3,50.0,0.32,0.29131199746223757
14,0.3,50.0,0.34,0.2886712059383095
14,0.3,50.0,0.36,0.28895658290356024
14,0.3,50.0,0.38,0.29266987123465527
14,0.3,50.0,0.4,0.293735232893929
14,0.3,50.0,0.42,0.2935502121892046
14,0.3,50.0,0.44,0.2928871957163595
14,0.3,50.0,0.46,0.29238001163290805
14,0.3,50.0,0.48,0.2951184567127635
14,0.3,50.0,0.5,0.29672609038943704
14,0.3,50.0,0.52,0.29646337405758294
14,0.3,50.0,0.54,0.3010026078184405
14,0.3,50.0,0.56,0.30187564160437375
14,0.3,50.0,0.58,0.3039466314788825
14,0.3,50.0,0.6,0.3026385008895646
14,0.3,50.0,0.62,0.3040590880734291
14,0.3,50.0,0.64,0.30603104605283254
14,0.3,50.0,0.66,0.3046264593526222
14,0.3,50.0,0.68,0.30759793802761004
14,0.3,50.0,0.7000000000000001,0.3084529798532847
14,0.3,50.0,0.72,0.3080377136310538
14,0.3,50.0,0.74,0.3077811828674105
14,0.3,100.0,0.0,0.35921012838872385
14,0.3,100.0,0.02,0.33551667732760976
14,0.3,100.0,0.04,0.3246276298479196
14,0.3,100.0,0.06,0.32051019012689325
14,0.3,100.0,0.08,0.29860463087960887
14,0.3,100.0,0.1,0.2852900453520975
14,0.3,100.0,0.12,0.27158772419407445
14,0.3,100.0,0.14,0.26067220390863627
14,0.3,100.0,0.16,0.25798836725362234
14,0.3,100.0,0.18,0.25552778129122244
14,0.3,100.0,0.2,0.2662924389882151
14,0.3,100.0,0.22,0.2663511426279411
14,0.3,100.0,0.24,0.27459618462340096
14,0.3,100.0,0.26,0.2803001730921503
14,0.3,100.0,0.28,0.2795796862798702
14,0.3,100.0,0.3,0.27927090707090674
14,0.3,100.0,0.32,0.27929179243853325
14,0.3,100.0,0.34,0.2792498648854721
14,0.3,100.0,0.36,0.2792430947615039
14,0.3,100.0,0.38,0.28028849021645635
14,0.3,100.0,0.4,0.28248280146422405
14,0.3,100.0,0.42,0.2783585150026416
14,0.3,100.0,0.44,0.27406329602681306
14,0.3,100.0,0.46,0.27404303089799226
14,0.3,100.0,0.48,0.2736336175677508
14,0.3,100.0,0.5,0.2733658003484266
14,0.3,100.0,0.52,0.2732312515992699
14,0.3,100.0,0.54,0.27319777839441556
14,0.3,100.0,0.56,0.2767085330600212
14,0.3,100.0,0.58,0.28574322054949186
14,0.3,100.0,0.6,0.2946219333871712
14,0.3,100.0,0.62,0.315779864314918
14,0.3,100.0,0.64,0.3176960822270191
14,0.3,100.0,0.66,0.32272944930405684
14,0.3,100.0,0.68,0.31280463280543275
14,0.3,100.0,0.7000000000000001,0.3057851489114355
14,0.3,100.0,0.72,0.29691628221386707
14,0.3,100.0,0.74,0.29525045211016365
